Workbook

Sheet Özet
A1: HAZİNE İHALE VERİLERİ — ÖZET RAPORU
A2: Son Güncelleme: 29.10.2026 • Toplam 1644 İhale Kaydı • Kaynak: T.C. Hazine ve Maliye Bakanlığı
A4: Hazine 2024 yılının tamamında ortalama %37.56 faizle, 1564 gün vadeyle, toplamda 1,725.05 Milyar TL borçlanırken, 2025 yılının tamamında bu rakamlar sırasıyla %36.92, 1321 gün ve 2,503.71 Milyar TL olarak gerçekleşirken; 2026 yılında şuana kadar %35.00, 1272 gün ve 2,646.53 Milyar TL'dir. (Geçen yıl aynı dönemde %37.33, 1375 gün ve 2,284.21 Milyar TL)
A6: DÖNEMSEL KARŞILAŞTIRMA
A7: Dönem | B7: İhale Sayısı | C7: Ort. Faiz (%) | D7: Ort. Vade (Gün) | E7: İhale Başı Ort. (Bin TL) | F7: Toplam Net (Bin TL) | G7: Teklif/Kabul | H7: Yıllık Değişim
A8: 2024 (Tam Yıl) | B8: 96 | C8: 37.56 | D8: 1564 | E8: 20536297 | F8: 1725048919 | G8: 2.24 | H8: Baz Dönem
A9: 2025 (Tam Yıl) | B9: 72 | C9: 36.92 | D9: 1321 | E9: 40382361 | F9: 2503706352 | G9: 1.99 | H9: Faiz ↓ 0.64 puan
A10: 2026 (Ocak-Ekim) | B10: 62 | C10: 35 | D10: 1272 | E10: 49934575 | F10: 2646532458 | G10: 1.82 | H10: Faiz ↓ 2.33 puan
A11: 2025 (Ocak-Ekim) | B11: 63 | C11: 37.33 | D11: 1375 | E11: 41531002 | F11: 2284205131 | G11: 1.96 | H11: Baz Dönem
A13: DİKKAT ÇEKEN İSTATİSTİKLER
A14: 📉 Faiz Trendi (Aynı Dönem) | C14: 2025 Ocak-Ekim: %37.33 → 2026 Ocak-Ekim: %35.00 (-2.33 puan, faizler düştü)
A15: 📅 Vade Stratejisi | C15: Ort. vade 2025 Ocak-Ekim: 1375 gün → 2026: 1272 gün (kısaldı, -103 gün)
A16: 🏆 Tarihin En Büyük İhalesi | C16: TLREF Endeksli Senetler — 08.07.2026 — 157.78 Milyar TL
A17: 📊 2026 Ağırlıklı Senet Türü | C17: TL Cinsi Sabit Faizli Kuponlu Senetler (%40.7 pay)
A18: 💪 Talep Gücü (Teklif/Kabul) | C18: 2025 Ocak-Ekim: 1.96x → 2026: 1.82x (talep azaldı, -0.14x)
A19: 🔮 2026 Yıllık Projeksiyon | C19: İlk 10 ayda 2,646.53 Milyar TL → Yıl sonu tahmini: ~3,175.84 Milyar TL (2025 toplamı: 2,503.71 Milyar TL)
A20: ⚡ 2024 → 2025 Değişim | C20: Faiz: %37.56 → %36.92 (-0.64 puan), Toplam borçlanma: 1,725.05 Milyar TL → 2,503.71 Milyar TL (+45.1%)
A21: 📈 Dönemsel Borçlanma Hacmi | C21: 2025 Ocak-Ekim: 2,284.21 Milyar TL → 2026 Ocak-Ekim: 2,646.53 Milyar TL (+15.9% değişim)

Sheet Tüm İhaleler
A1: Genel Bilgiler | I1: Teklif Edilen Tutar | K1: İhale Kabul Edilen Tutar | M1: Rek. Olmayan Teklif - Kamu | O1: Rek. Olmayan Teklif - Piyasa Yapıcı | Q1: İhale Sonrası Satış | S1: Toplam Satış | U1: Kabul Edilen Faiz (%) | W1: Fiyat
A2: Senet Türü | B2: Yıl | C2: ISIN Kodu | D2: Valör Tarihi | E2: İtfa Tarihi | F2: Vade (Gün) | G2: Kupon Dönemi | H2: Kupon Oranı (%) | I2: Nominal (Bin TL) | J2: Net (Bin TL) | K2: Nominal (Bin TL) | L2: Net (Bin TL) | M2: Nominal (Bin TL) | N2: Net (Bin TL) | O2: Nominal (Bin TL) | P2: Net (Bin TL) | Q2: Nominal (Bin TL) | R2: Net (Bin TL) | S2: Nominal (Bin TL) | T2: Net (Bin TL) | U2: Ort. Dönem (Basit) | V2: Ort. Yıllık Bileşik | W2: İhraç Birim Fiyatı (Ort.)
A3: TLREF Endeksli Senetler | B3: 2026 | C3: TRT090130T12 | D3: 14.01.2026 | E3: 09.01.2030 | F3: 1456 | G3: 6 ay | I3: 79609005 | J3: 78023610 | K3: 29589001 | L3: 29392788 | M3: 22247501 | N3: 22100000 | O3: 23153508 | P3: 23000000 | Q3: 2098463.6 | R3: 2084550.8 | S3: 77088473 | T3: 76577339 | U3: 18.77 | V3: 41.05 | W3: 99.337
A4: TLREF Endeksli Senetler | B4: 2026 | C4: TRT090130T12 | D4: 11.02.2026 | E4: 09.01.2030 | F4: 1428 | G4: 6 ay | I4: 56562000 | J4: 58027619 | K4: 31595000 | L4: 32495975 | M4: 14972971 | N4: 15400000 | O4: 13611792 | P4: 14000000 | Q4: 8396267 | R4: 8635728.5 | S4: 68576030 | T4: 70531703 | U4: 18.55 | V4: 40.54 | W4: 102.852
A5: TLREF Endeksli Senetler | B5: 2026 | C5: TRT090130T12 | D5: 18.03.2026 | E5: 09.01.2030 | F5: 1393 | G5: 6 ay | I5: 81525000 | J5: 83978061 | K5: 16613000 | L5: 17209377 | M5: 9682401.8 | N5: 10030000 | O5: 19789555 | P5: 20500000 | Q5: 2606759.8 | R5: 2700342.5 | S5: 48691717 | T5: 50439720 | U5: 19.25 | V5: 42.19 | W5: 103.59
A6: TLREF Endeksli Senetler | B6: 2026 | C6: TRT090130T12 | D6: 08.04.2026 | E6: 09.01.2030 | F6: 1372 | G6: 6 ay | I6: 101723858 | J6: 1.0671121e+08 | K6: 62860858 | L6: 66117448 | M6: 190148.41 | N6: 200000 | O6: 31849859 | P6: 33500000 | Q6: 23923511 | R6: 25162988 | S6: 1.1882438e+08 | T6: 1.2498044e+08 | U6: 19.39 | V6: 42.53 | W6: 105.181
A7: TLREF Endeksli Senetler | B7: 2026 | C7: TRT090130T12 | D7: 13.05.2026 | E7: 09.01.2030 | F7: 1337 | G7: 6 ay | I7: 122200001 | J7: 1.3337384e+08 | K7: 40607001 | L7: 44450411 | M7: 1863609.4 | N7: 2040000 | O7: 36541360 | P7: 40000000 | Q7: 18248574 | R7: 19975802 | S7: 97260545 | T7: 1.0646621e+08 | U7: 19.22 | V7: 42.12 | W7: 109.465
A8: TLREF Endeksli Senetler | B8: 2026 | C8: TRT090130T12 | D8: 10.06.2026 | E8: 09.01.2030 | F8: 1309 | G8: 6 ay | I8: 104246000 | J8: 1.1700454e+08 | K8: 60642000 | L8: 68135035 | M8: 3586813.3 | N8: 4030000 | O8: 50731603 | P8: 57000000 | Q8: 25428457 | R8: 28570397 | S8: 1.4038887e+08 | T8: 1.5773543e+08 | U8: 19.25 | V8: 42.19 | W8: 112.356
A9: TLREF Endeksli Senetler | B9: 2026 | C9: TRT030730T12* | D9: 08.07.2026 | E9: 03.07.2030 | F9: 1456 | G9: 6 ay | I9: 1.4623886e+08 | J9: 1.4287476e+08 | K9: 75869822 | L9: 74576049 | M9: 3764179.3 | N9: 3700000 | O9: 80370314 | P9: 79000000 | Q9: 508672.87 | R9: 500000 | S9: 1.6051299e+08 | T9: 1.5777605e+08 | U9: 20.45 | V9: 45.08 | W9: 98.295
A10: TLREF Endeksli Senetler | B10: 2026 | C10: TRT030730T12 | D10: 19.08.2026 | E10: 03.07.2030 | F10: 1414 | G10: 6 ay | I10: 128932100 | J10: 1.3194076e+08 | K10: 32323100 | L10: 33159966 | M10: 97476.337 | N10: 99999.999 | O10: 53611986 | P10: 55000000 | Q10: 14802107 | R10: 15185333 | S10: 1.0083467e+08 | T10: 1.034453e+08 | U10: 20.46 | V10: 45.09 | W10: 102.589
A11: TLREF Endeksli Senetler | B11: 2026 | C11: TRT110930T36 | D11: 16.09.2026 | E11: 11.09.2030 | F11: 1456 | G11: 6 ay | I11: 113114000 | J11: 1.1046897e+08 | K11: 49631000 | L11: 48851315 | M11: 5486188 | N11: 5400000 | O11: 30478822 | P11: 30000000 | Q11: 0 | R11: 0 | S11: 85596010 | T11: 84251315 | U11: 18.64 | V11: 40.76 | W11: 98.429
A12: TLREF Endeksli Senetler | B12: 2026 | C12: TRT110930T36 | D12: 07.10.2026 | E12: 11.09.2030 | F12: 1435 | G12: 6 ay | I12: 58939000 | J12: 58617039 | K12: 26298000 | L12: 26217249 | M12: 0 | N12: 0 | O12: 25076986 | P12: 25000000 | Q12: 5300499.5 | R12: 5284227 | S12: 56675486 | T12: 56501476 | U12: 18.82 | V12: 41.18 | W12: 99.693
A13: TLREF Endeksli Senetler | B13: 2026 | C13: (*) İlgili ihalede yükümlülüğün yerine getirilmemesi sebebiyle, ihalede kabul edilen tutar ve toplam satış tutarlarında yukarıda belirtilen istatistiklerden nominal satış tutarı 175.000.000,00 TL; net satış tutarı ise 203.234.500,00 TL eksik gerçekleşmiştir. | D13: nan | E13: nan
A14: TLREF Endeksli Senetler | B14: 2025 | C14: TRT061228T16 | D14: 15.01.2025 | E14: 06.12.2028 | F14: 1421 | G14: 3 ay | I14: 49270032 | J14: 51262429 | K14: 16874000 | L14: 17661324 | M14: 2866260.3 | N14: 3000000 | O14: 33439703 | P14: 35000000 | Q14: 4284423.3 | R14: 4484334.5 | S14: 57464387 | T14: 60145659 | U14: 12.5 | V14: 60.15 | W14: 104.666
A15: TLREF Endeksli Senetler | B15: 2025 | C15: TRT061228T16 | D15: 19.02.2025 | E15: 06.12.2028 | F15: 1386 | G15: 3 ay | I15: 75514318 | J15: 82300767 | K15: 20501318 | L15: 22438293 | M15: 2741027.7 | N15: 3000000 | O15: 13705139 | P15: 15000000 | Q15: 7709161 | R15: 8437522.5 | S15: 44656645 | T15: 48875816 | U15: 12.51 | V15: 60.21 | W15: 109.448
A16: TLREF Endeksli Senetler | B16: 2025 | C16: TRT070329T15 | D16: 12.03.2025 | E16: 07.03.2029 | F16: 1456 | G16: 3 ay | I16: 52389000 | J16: 51236840 | K16: 30269000 | L16: 29794013 | M16: 6603610.7 | N16: 6500000 | O16: 7619550.7 | P16: 7500000 | Q16: 6652834.1 | R16: 6548451.1 | S16: 51144995 | T16: 50342464 | U16: 10.83 | V16: 50.88 | W16: 98.431
A17: TLREF Endeksli Senetler | B17: 2025 | C17: TRT080426T16 | D17: 09.04.2025 | E17: 08.04.2026 | F17: 364 | G17: 3 ay | I17: 1.0015502e+08 | J17: 97925951 | K17: 48823020 | L17: 48195551 | M17: 0 | N17: 0 | O17: 30390518 | P17: 30000000 | Q17: 110418.88 | R17: 109000 | S17: 79323957 | T17: 78304551 | U17: 12.05 | V17: 57.65 | W17: 98.715
A18: TLREF Endeksli Senetler | B18: 2025 | C18: TRT070329T15 | D18: 14.05.2025 | E18: 07.03.2029 | F18: 1393 | G18: 3 ay | I18: 74609000 | J18: 74840593 | K18: 39461000 | L18: 39857749 | M18: 2970150 | N18: 3000000 | O18: 14850750 | P18: 15000000 | Q18: 16764389 | R18: 16932871 | S18: 74046289 | T18: 74790620 | U18: 11.5 | V18: 54.57 | W18: 101.005
A19: TLREF Endeksli Senetler | B19: 2025 | C19: TRT130629T30 | D19: 18.06.2025 | E19: 13.06.2029 | F19: 1456 | G19: 3 ay | I19: 81751004 | J19: 75981893 | K19: 50419004 | L19: 47098581 | M19: 2676258.4 | N19: 2500000 | O19: 18198557 | P19: 17000000 | Q19: 20501647 | R19: 19151408 | S19: 91795466 | T19: 85749990 | U19: 12.47 | V19: 60 | W19: 93.414
A20: TLREF Endeksli Senetler | B20: 2025 | C20: TRT040729T14 | D20: 09.07.2025 | E20: 04.07.2029 | F20: 1456 | G20: 6 ay | I20: 101867278 | J20: 95052769 | K20: 32615000 | L20: 30774210 | M20: 9538344.1 | N20: 9000000 | O20: 40273009 | P20: 38000000 | Q20: 12202729 | R20: 11514007 | S20: 94629081 | T20: 89288216 | U20: 24.68 | V20: 55.45 | W20: 94.356
A21: TLREF Endeksli Senetler | B21: 2025 | C21: TRT040729T14 | D21: 20.08.2025 | E21: 04.07.2029 | F21: 1414 | G21: 6 ay | I21: 179552851 | J21: 1.8104531e+08 | K21: 27285000 | L21: 27707455 | M21: 7917438.1 | N21: 8040000 | O21: 31512191 | P21: 32000000 | Q21: 9419403.6 | R21: 9565216 | S21: 76134033 | T21: 77312671 | U21: 23.98 | V21: 53.72 | W21: 101.548
A22: TLREF Endeksli Senetler | B22: 2024 | C22: TRT190128T14 | D22: 24.01.2024 | E22: 19.01.2028 | F22: 1456 | G22: 3 ay | I22: 38392211 | J22: 37023569 | K22: 5910000 | L22: 5864075 | M22: 0 | N22: 0 | O22: 10078308 | P22: 10000000 | Q22: 3010000 | R22: 2986612.3 | S22: 18998308 | T22: 18850687 | U22: 10.72 | V22: 50.3 | W22: 99.223
A23: TLREF Endeksli Senetler | B23: 2024 | C23: TRT190128T14 | D23: 14.02.2024 | E23: 19.01.2028 | F23: 1435 | G23: 3 ay | I23: 29462003 | J23: 29493318 | K23: 7170000 | L23: 7319549.7 | M23: 0 | N23: 0 | O23: 5877397.5 | P23: 6000000 | Q23: 1961824 | R23: 2002747.6 | S23: 15009221 | T23: 15322297 | U23: 10.66 | V23: 49.93 | W23: 102.086
A24: TLREF Endeksli Senetler | B24: 2024 | C24: TRT190128T14 | D24: 13.03.2024 | E24: 19.01.2028 | F24: 1407 | G24: 3 ay | I24: 19044000 | J24: 19695210 | K24: 6310000 | L24: 6633671.5 | M24: 0 | N24: 0 | O24: 4280414.7 | P24: 4500000 | Q24: 3245940.9 | R24: 3412457.7 | S24: 13836356 | T24: 14546129 | U24: 10.68 | V24: 50.07 | W24: 105.13
A25: TLREF Endeksli Senetler | B25: 2024 | C25: TRT190128T14 | D25: 17.04.2024 | E25: 19.01.2028 | F25: 1372 | G25: 3 ay | I25: 25895005 | J25: 28269890 | K25: 12800000 | L25: 14045439 | M25: 0 | N25: 0 | O25: 8201950.2 | P25: 9000000 | Q25: 5125110.1 | R25: 5623783.3 | S25: 26127060 | T25: 28669222 | U25: 10.62 | V25: 49.76 | W25: 109.73
... A61: TLREF Endeksli Senetler | B61: 2021 | C61: TRT130127T11 | D61: 20.10.2021 | E61: 13.01.2027 | F61: 1911 | G61: 3 ay | I61: 1956001 | J61: 1879141.5 | K61: 611001 | L61: 592442.31 | M61: 0 | N61: 0 | O61: 773490.92 | P61: 750000 | Q61: 155866.41 | R61: 151132.75 | S61: 1540358.3 | T61: 1493575.1 | U61: 5.19 | V61: 22.44 | W61: 96.963
A62: TLREF Endeksli Senetler | B62: 2021 | C62: TRT130127T11 | D62: 10.11.2021 | E62: 13.01.2027 | F62: 1890 | G62: 3 ay | I62: 1514000 | J62: 1446712.1 | K62: 300000 | L62: 292099.05 | M62: 77028.942 | N62: 75000 | O62: 333792.08 | P62: 325000 | Q62: - | R62: - | S62: 710821.02 | T62: 692099.05 | U62: 5.25 | V62: 22.72 | W62: 97.366
A63: TLREF Endeksli Senetler | B63: 2020 | C63: TRT260122T11 | D63: 29.01.2020 | E63: 26.01.2022 | F63: 728 | G63: 3 ay | I63: 9789750 | J63: 9745880.9 | K63: 2140700 | L63: 2146697.3 | M63: 648185.08 | N63: 650000 | O63: 1246509.8 | P63: 1250000 | Q63: 634242.12 | R63: 636018 | S63: 4669637 | T63: 4682715.3 | U63: 2.46 | V63: 10.21 | W63: 100.28
A64: TLREF Endeksli Senetler | B64: 2020 | C64: TRT260122T11 | D64: 26.02.2020 | E64: 26.01.2022 | F64: 700 | G64: 3 ay | I64: 3563330.6 | J64: 3563099.6 | K64: 1850330.6 | L64: 1864659.5 | M64: 0 | N64: 0 | O64: 1190783.3 | P64: 1200000 | Q64: 0 | R64: 0 | S64: 3041113.9 | T64: 3064659.5 | U64: 2.5 | V64: 10.37 | W64: 100.774
A65: TLREF Endeksli Senetler | B65: 2020 | C65: TRT210623T10 | D65: 25.03.2020 | E65: 21.06.2023 | F65: 1183 | G65: 3 ay | I65: 2492000 | J65: 2474935 | K65: 2167000 | L65: 2161092.5 | M65: 0 | N65: 0 | O65: 1403832.5 | P65: 1400000 | Q65: 0 | R65: 0 | S65: 3570832.5 | T65: 3561092.5 | U65: 2.52 | V65: 10.49 | W65: 99.727
A66: TLREF Endeksli Senetler | B66: 2020 | C66: TRT210623T10 | D66: 08.04.2020 | E66: 21.06.2023 | F66: 1169 | G66: 3 ay | I66: 4503000 | J66: 4450136.2 | K66: 3718000 | L66: 3685173.2 | M66: 0 | N66: 0 | O66: 2522271.7 | P66: 2500000 | Q66: 0 | R66: 0 | S66: 6240271.7 | T66: 6185173.2 | U66: 2.62 | V66: 10.89 | W66: 99.117
A67: TLREF Endeksli Senetler | B67: 2020 | C67: TRT210623T10 | D67: 13.05.2020 | E67: 21.06.2023 | F67: 1134 | G67: 3 ay | I67: 6015000 | J67: 6018106.4 | K67: 3510000 | L67: 3528348.4 | M67: 0 | N67: 0 | O67: 1492195.8 | P67: 1500000 | Q67: 0 | R67: 0 | S67: 5002195.8 | T67: 5028348.4 | U67: 2.58 | V67: 10.71 | W67: 100.523
A68: TLREF Endeksli Senetler | B68: 2020 | C68: TRT210623T10 | D68: 17.06.2020 | E68: 21.06.2023 | F68: 1099 | G68: 3 ay | I68: 3659200 | J68: 3702398.2 | K68: 1673000 | L68: 1701212.9 | M68: 0 | N68: 0 | O68: 1475129.3 | P68: 1500000 | Q68: 600 | R68: 610.116 | S68: 3148729.3 | T68: 3201823 | U68: 2.56 | V68: 10.64 | W68: 101.686
A69: TLREF Endeksli Senetler | B69: 2020 | C69: TRT170724T14 | D69: 22.07.2020 | E69: 17.07.2024 | F69: 1456 | G69: 3 ay | I69: 3057001 | J69: 3013522.9 | K69: 1208000 | L69: 1196907.8 | M69: 0 | N69: 0 | O69: 1614824.1 | P69: 1600000 | Q69: 24000 | R69: 23779.68 | S69: 2846824.1 | T69: 2820687.5 | U69: 2.57 | V69: 10.69 | W69: 99.082
A70: TLREF Endeksli Senetler | B70: 2020 | C70: TRT170724T14 | D70: 12.08.2020 | E70: 17.07.2024 | F70: 1435 | G70: 3 ay | I70: 3437000 | J70: 3367727.8 | K70: 2187000 | L70: 2168142.9 | M70: 0 | N70: 0 | O70: 1008694.9 | P70: 1000000 | Q70: 60010.288 | R70: 59492.999 | S70: 3255705.2 | T70: 3227635.9 | U70: 2.61 | V70: 10.86 | W70: 99.138
A71: TLREF Endeksli Senetler | B71: 2020 | C71: TRT170724T14 | D71: 16.09.2020 | E71: 17.07.2024 | F71: 1400 | G71: 3 ay | I71: 3577000 | J71: 3565572.5 | K71: 825000 | L71: 834835.5 | M71: 143291.96 | N71: 145000 | O71: 889398.37 | P71: 900000 | Q71: 0 | R71: 0 | S71: 1857690.3 | T71: 1879835.5 | U71: 2.53 | V71: 10.5 | W71: 101.192
A72: TLREF Endeksli Senetler | B72: 2020 | C72: TRT170724T14 | D72: 07.10.2020 | E72: 17.07.2024 | F72: 1379 | G72: 3 ay | I72: 6318000 | J72: 6388712.5 | K72: 1773000 | L72: 1806340.9 | M72: 54966.627 | N72: 56000 | O72: 1472320.4 | P72: 1500000 | Q72: 399200 | R72: 406704.96 | S72: 3699487 | T72: 3769045.9 | U72: 2.52 | V72: 10.46 | W72: 101.88
A73: TL Cinsi Kira Sertifikalari | B73: 2012 | C73: TRD011014T17 | D73: 03.10.2012 | E73: 01.10.2014 | F73: 728 | G73: 6 Ay | H73: 3.7 | K73: 1624482.6 | L73: 1624482.6 | W73: 100
A74: TL Cinsi Kira Sertifikalari | B74: 2013 | C74: TRD180215T17 | D74: 20.02.2013 | E74: 18.02.2015 | F74: 728 | G74: 6 Ay | H74: 2.85 | K74: 1515326.8 | L74: 1515326.8 | W74: 100
A75: TL Cinsi Kira Sertifikalari | B75: 2013 | C75: TRD190815T10 | D75: 21.08.2013 | E75: 19.08.2015 | F75: 728 | G75: 6 Ay | H75: 4.5 | K75: 1817300 | L75: 1817300 | W75: 100
A76: TL Cinsi Kira Sertifikalari | B76: 2014 | C76: TRD170216T17 | D76: 19.02.2014 | E76: 17.02.2016 | F76: 728 | G76: 6 Ay | H76: 5.3 | K76: 1332820 | L76: 1332820 | W76: 100
A77: TL Cinsi Kira Sertifikalari | B77: 2014 | C77: TRD280916T17 | D77: 01.10.2014 | E77: 28.09.2016 | F77: 728 | G77: 6 Ay | H77: 4.84 | K77: 1839964.1 | L77: 1839964.1 | W77: 100
A78: TL Cinsi Kira Sertifikalari | B78: 2015 | C78: TRD150217T18 | D78: 18.02.2015 | E78: 15.02.2017 | F78: 728 | G78: 6 Ay | H78: 3.9 | K78: 1801515.3 | L78: 1801515.3 | W78: 100
A79: TL Cinsi Kira Sertifikalari | B79: 2015 | C79: TRD160817T11 | D79: 19.08.2015 | E79: 16.08.2017 | F79: 728 | G79: 6 Ay | H79: 4.98 | K79: 1588783.9 | L79: 1588783.9 | W79: 100
A80: TL Cinsi Kira Sertifikalari | B80: 2016 | C80: TRD140218T18 | D80: 17.02.2016 | E80: 14.02.2018 | F80: 728 | G80: 6 Ay | H80: 5.32 | K80: 1900352.3 | L80: 1900352.3 | W80: 100
A81: TL Cinsi Kira Sertifikalari | B81: 2016 | C81: TRD140721T18 | D81: 20.07.2016 | E81: 14.07.2021 | F81: 1820 | G81: 6 Ay | H81: 4.7 | K81: 907500 | L81: 907500 | W81: 100
A82: TL Cinsi Kira Sertifikalari | B82: 2016 | C82: TRD260918T17 | D82: 28.09.2016 | E82: 26.09.2018 | F82: 728 | G82: 6 Ay | H82: 4.4 | K82: 1102839.2 | L82: 1102839.2 | W82: 100
A83: TL Cinsi Kira Sertifikalari | B83: 2016 | C83: TRD220921T16 | D83: 28.09.2016 | E83: 22.09.2021 | F83: 1820 | G83: 6 Ay | H83: 1.12 | K83: 1066565.1 | L83: 1066565.1 | W83: 100
A84: TL Cinsi Kira Sertifikalari | B84: 2016 | C84: TRD211118T18 | D84: 23.11.2016 | E84: 21.11.2018 | F84: 728 | G84: 6 Ay | H84: 5.08 | K84: 1285000 | L84: 1285000 | W84: 100
... A113: TL Cinsi Kira Sertifikalari | B113: 2021 | C113: TRD120723T18 | D113: 14.07.2021 | E113: 12.07.2023 | F113: 728 | G113: 6 Ay | H113: 9.04 | K113: 1143740 | L113: 1143740 | W113: 100
A114: TL Cinsi Kira Sertifikalari | C114: TRD160823T13 | D114: 18.08.2021 | E114: 16.08.2023 | F114: 728 | G114: 6 Ay | H114: 8.9 | K114: 921700 | L114: 921700 | W114: 100
A115: TL Cinsi Kira Sertifikalari | B115: 2021 | C115: TRD160926T19 | D115: 22.09.2021 | E115: 16.09.2026 | F115: 1820 | G115: 6 Ay | H115: 8.4 | K115: 725000 | L115: 725000 | W115: 100
A116: TL Cinsi Kira Sertifikalari | B116: 2021 | C116: TRD181023T17 | D116: 20.10.2021 | E116: 18.10.2023 | F116: 728 | G116: 6 Ay | H116: 9.05 | K116: 1914500 | L116: 1914500 | W116: 100
A117: TL Cinsi Kira Sertifikalari | B117: 2021 | C117: TRD131223T10 | D117: 15.12.2021 | E117: 13.12.2023 | F117: 728 | G117: 6 Ay | H117: 10.16 | K117: 2992530 | L117: 2992530 | W117: 100
A118: TL Cinsi Kira Sertifikalari | B118: 2022 | C118: TRD200127T10 | D118: 26.01.2022 | E118: 20.01.2027 | F118: 1820 | G118: 6 Ay | H118: 0 | K118: 11111100 | L118: 13333320 | W118: 120
A119: TL Cinsi Kira Sertifikalari | B119: 2022 | C119: TRD140224T10 | D119: 16.02.2022 | E119: 14.02.2024 | F119: 728 | G119: 6 Ay | H119: 10.1 | K119: 5561460 | L119: 5561460 | W119: 100
A120: TL Cinsi Kira Sertifikalari | B120: 2022 | C120: TRD200324T29 | D120: 23.03.2022 | E120: 20.03.2024 | F120: 728 | G120: 6 Ay | H120: 12.15 | K120: 4098810 | L120: 4098810 | W120: 100
A121: TL Cinsi Kira Sertifikalari | B121: 2022 | C121: TRD070432T17 | D121: 20.04.2022 | E121: 07.04.2032 | F121: 3640 | G121: 6 Ay | H121: 0 | K121: 8644000 | L121: 11064320 | W121: 128
A122: TL Cinsi Kira Sertifikalari | B122: 2022 | C122: TRD080524T15 | D122: 11.05.2022 | E122: 08.05.2024 | F122: 728 | G122: 6 Ay | H122: 11.35 | K122: 2271520 | L122: 2271520 | W122: 100
A123: TL Cinsi Kira Sertifikalari | B123: 2022 | C123: TRD230632T15 | D123: 06.07.2022 | E123: 23.06.2032 | F123: 3640 | G123: 6 Ay | H123: 9.04 | K123: 8240030 | L123: 8240030 | W123: 100
A124: TL Cinsi Kira Sertifikalari | B124: 2022 | C124: TRD040832T16 | D124: 17.08.2022 | E124: 04.08.2032 | F124: 3640 | G124: 6 Ay | H124: 8.07 | K124: 10290430 | L124: 10290430 | W124: 100
A125: TL Cinsi Kira Sertifikalari | B125: 2022 | C125: TRD080927T18 | D125: 14.09.2022 | E125: 08.09.2027 | F125: 1820 | G125: 6 Ay | H125: 5.09 | K125: 19718500 | L125: 19718500 | W125: 100
A126: TL Cinsi Kira Sertifikalari | B126: 2022 | C126: TRD061027T17 | D126: 12.10.2022 | E126: 06.10.2027 | F126: 1820 | G126: 6 Ay | H126: 5.23 | K126: 11484000 | L126: 11484000 | W126: 100
... A165: TL Cinsi Kira Sertifikalari | B165: 2026 | C165: TRD041028T26 | D165: 07.10.2026 | E165: 04.10.2028 | F165: 728 | G165: 6 Ay | H165: 18.9 | K165: 59255500 | L165: 59255500 | W165: 100
A166: TL Cinsi Kuponsuz Senetler | B166: 2026 | C166: TRT060127T10 | D166: 07.01.2026 | E166: 06.01.2027 | F166: 364 | I166: 86764373 | J166: 63303336 | K166: 38149825 | L166: 27918968 | M166: 3279495 | N166: 2400000 | O166: 21863300 | P166: 16000000 | Q166: 11914728 | R166: 8719436.2 | S166: 75207348 | T166: 55038404 | U166: 36.64 | V166: 36.64 | W166: 73.182
A167: TL Cinsi Kuponsuz Senetler | B167: 2026 | C167: TRT060127T10 | D167: 11.02.2026 | E167: 06.01.2027 | F167: 329 | I167: 55702054 | J167: 42172668 | K167: 15325245 | L167: 11664499 | M167: 1313836 | N167: 1000000 | O167: 3941508 | P167: 3000000 | Q167: 6920380.2 | R167: 5267309 | S167: 27500969 | T167: 20931808 | U167: 31.38 | V167: 35.25 | W167: 76.113
A168: TL Cinsi Kuponsuz Senetler | B168: 2026 | C168: TRT060127T10 | D168: 11.03.2026 | E168: 06.01.2027 | F168: 301 | I168: 36640334 | J168: 27782187 | K168: 11543831 | L168: 8831242.8 | M168: 24509163 | N168: 18750000 | O168: 6535776.8 | P168: 5000000 | Q168: 4245222.2 | R168: 3247679.9 | S168: 46833993 | T168: 35828923 | U168: 30.72 | V168: 38.25 | W168: 76.502
A169: TL Cinsi Kuponsuz Senetler | B169: 2026 | C169: TRB170327T15 | D169: 08.04.2026 | E169: 17.03.2027 | F169: 343 | I169: 33278500 | J169: 23579670 | K169: 15836500 | L169: 11330430 | M169: 314482.99 | N169: 225000 | O169: 9783915.2 | P169: 7000000 | Q169: 5678397.7 | R169: 4062666.4 | S169: 31613296 | T169: 22618096 | U169: 39.77 | V169: 42.66 | W169: 71.546
A170: TL Cinsi Kuponsuz Senetler | B170: 2026 | C170: TRB170327T15 | D170: 06.05.2026 | E170: 17.03.2027 | F170: 315 | I170: 33625633 | J170: 24659834 | K170: 20819633 | L170: 15322423 | M170: 951138.65 | N170: 700000 | O170: 10870156 | P170: 8000000 | Q170: 6757230.3 | R170: 4973051.2 | S170: 39398158 | T170: 28995474 | U170: 35.88 | V170: 42.51 | W170: 73.596
A171: TL Cinsi Kuponsuz Senetler | B171: 2026 | C171: TRB100227T13 | D171: 17.06.2026 | E171: 10.02.2027 | F171: 238 | I171: 92542421 | J171: 73286937 | K171: 27366584 | L171: 21725993 | M171: 30419831 | N171: 24150000 | O171: 32750129 | P171: 26000000 | Q171: 9698184.7 | R171: 7699291.9 | S171: 1.0023473e+08 | T171: 79575284 | U171: 25.96 | V171: 42.33 | W171: 79.389
A172: TL Cinsi Kuponsuz Senetler | B172: 2026 | C172: TRB100227T13 | D172: 22.07.2026 | E172: 10.02.2027 | F172: 203 | I172: 90138208 | J172: 74178247 | K172: 52688917 | L172: 43425255 | M172: 13831930 | N172: 11400000 | O172: 7279963.1 | P172: 6000000 | Q172: 22178424 | R172: 18279014 | S172: 95979234 | T172: 79104269 | U172: 21.33 | V172: 41.44 | W172: 82.418
A173: TL Cinsi Kuponsuz Senetler | B173: 2026 | C173: TRB100227T13 | D173: 12.08.2026 | E173: 10.02.2027 | F173: 182 | I173: 1.3398242e+08 | J173: 1.126422e+08 | K173: 49116474 | L173: 41343992 | M173: 7128007.1 | N173: 6000000 | O173: 32076032 | P173: 27000000 | Q173: 22707825 | R173: 19114312 | S173: 1.1102834e+08 | T173: 93458304 | U173: 18.8 | V173: 41.13 | W173: 84.175
A174: TL Cinsi Kuponsuz Senetler | B174: 2025 | C174: TRB230725T15 | D174: 22.01.2025 | E174: 23.07.2025 | F174: 182 | I174: 60390700 | J174: 50016786 | K174: 21593600 | L174: 17996378 | M174: 59994.48 | N174: 50000 | O174: 11998896 | P174: 10000000 | Q174: 10377035 | R174: 8648324.4 | S174: 44029525 | T174: 36694703 | U174: 19.99 | V174: 43.97 | W174: 83.341
A175: TL Cinsi Kuponsuz Senetler | B175: 2025 | C175: TRB230725T15 | D175: 12.02.2025 | E175: 23.07.2025 | F175: 161 | I175: 32903775 | J175: 28014078 | K175: 13083075 | L175: 11161317 | M175: 58609.089 | N175: 50000 | O175: 11721818 | P175: 10000000 | Q175: 5921005.3 | R175: 5051268.9 | S175: 30784507 | T175: 26262586 | U175: 17.22 | V175: 43.21 | W175: 85.311
A176: TL Cinsi Kuponsuz Senetler | B176: 2025 | C176: TRB230725T15 | D176: 16.04.2025 | E176: 23.07.2025 | F176: 98 | I176: 17595173 | J176: 15622159 | K176: 5448102 | L176: 4887810.4 | M176: 0 | N176: 0 | O176: 2786571 | P176: 2500000 | Q176: 1736267.5 | R176: 1557709.8 | S176: 9970940.5 | T176: 8945520.2 | U176: 11.46 | V176: 49.64 | W176: 89.716
A177: TL Cinsi Kuponsuz Senetler | B177: 2025 | C177: TRB110326T12 | D177: 11.06.2025 | E177: 11.03.2026 | F177: 273 | I177: 21616000 | J177: 16148858 | K177: 11771000 | L177: 8825634.4 | M177: 2734135.3 | N177: 2050000 | O177: 3334311.4 | P177: 2500000 | Q177: 4306148 | R177: 3228663.6 | S177: 22145595 | T177: 16604298 | U177: 33.37 | V177: 46.81 | W177: 74.978
... A186: TL Cinsi Kuponsuz Senetler | B186: 2024 | C186: TRT090425T16 | D186: 13.03.2024 | E186: 09.04.2025 | F186: 392 | I186: 4513000 | J186: 2917905.2 | K186: 594000 | L186: 388442.8 | M186: 0 | N186: 0 | O186: 1911490.3 | P186: 1250000 | Q186: 181007.69 | R186: 118368.17 | S186: 2686498 | T186: 1756811 | U186: 52.92 | V186: 48.35 | W186: 65.394
A187: TL Cinsi Kuponsuz Senetler | B187: 2024 | C187: TRT090425T16 | D187: 17.04.2024 | E187: 09.04.2025 | F187: 357 | I187: 8910000 | J187: 5900685.7 | K187: 1757000 | L187: 1185063.4 | M187: 2223935.5 | N187: 1500000 | O187: 518918.28 | P187: 350000 | Q187: - | R187: - | S187: 4499853.8 | T187: 3035063.4 | U187: 48.26 | V187: 49.41 | W187: 67.448
A188: TL Cinsi Kuponsuz Senetler | B188: 2024 | C188: TRT090425T16 | D188: 08.05.2024 | E188: 09.04.2025 | F188: 336 | I188: 8417000 | J188: 5730230.9 | K188: 2469000 | L188: 1692680.4 | M188: 3646600.6 | N188: 2500000 | O188: 1021048.2 | P188: 700000 | Q188: 993994.78 | R188: 681453 | S188: 8130643.6 | T188: 5574133.4 | U188: 45.86 | V188: 50.52 | W188: 68.557
A189: TL Cinsi Kuponsuz Senetler | B189: 2024 | C189: TRT090425T16 | D189: 12.06.2024 | E189: 09.04.2025 | F189: 301 | I189: 15199000 | J189: 10816347 | K189: 3649000 | L189: 2609900 | M189: 6990660.5 | N189: 5000000 | O189: 4893462.3 | P189: 3500000 | Q189: 1370630.7 | R189: 980329.92 | S189: 16903754 | T189: 12090230 | U189: 39.81 | V189: 49.97 | W189: 71.524
A190: TL Cinsi Kuponsuz Senetler | B190: 2024 | C190: TRT090425T16 | D190: 10.07.2024 | E190: 09.04.2025 | F190: 273 | I190: 27463005 | J190: 20317860 | K190: 6025000 | L190: 4475774.2 | M190: 3432632.9 | N190: 2550000 | O190: 6730652.7 | P190: 5000000 | Q190: 1125196.2 | R190: 835874.5 | S190: 17313482 | T190: 12861649 | U190: 34.61 | V190: 48.63 | W190: 74.287
A191: TL Cinsi Kuponsuz Senetler | B191: 2024 | C191: TRT100925T18 | D191: 21.08.2024 | E191: 10.09.2025 | F191: 385 | I191: 34700150 | J191: 23200468 | K191: 7694150 | L191: 5221390.3 | M191: 2298782.8 | N191: 1560000 | O191: 6631104.3 | P191: 4500000 | Q191: 1869018.6 | R191: 1268353.4 | S191: 18493056 | T191: 12549744 | U191: 47.36 | V191: 44.27 | W191: 67.862
A192: TL Cinsi Kuponsuz Senetler | B192: 2024 | C192: TRT100925T18 | D192: 11.09.2024 | E192: 10.09.2025 | F192: 364 | I192: 6271000 | J192: 4262010 | K192: 3166000 | L192: 2170508.4 | M192: 2917280.5 | N192: 2000000 | O192: 5834561 | P192: 4000000 | Q192: - | R192: - | S192: 11917842 | T192: 8170508.4 | U192: 45.86 | V192: 45.86 | W192: 68.557
A193: TL Cinsi Kuponsuz Senetler | B193: 2024 | C193: TRT100925T18 | D193: 09.10.2024 | E193: 10.09.2025 | F193: 336 | I193: 21472220 | J193: 14851913 | K193: 9694183.7 | L193: 6755549 | M193: 4304963.6 | N193: 3000000 | O193: 3228722.7 | P193: 2250000 | Q193: 2685785 | R193: 1871643 | S193: 19913655 | T193: 13877192 | U193: 43.5 | V193: 47.88 | W193: 69.687
A194: TL Cinsi Kuponsuz Senetler | B194: 2024 | C194: TRT100925T18 | D194: 06.11.2024 | E194: 10.09.2025 | F194: 308 | I194: 15800230 | J194: 11293579 | K194: 5490000 | L194: 3940950.1 | M194: 0 | N194: 0 | O194: 3482670.2 | P194: 2500000 | Q194: 2281609.3 | R194: 1637830.4 | S194: 11254280 | T194: 8078780.6 | U194: 39.31 | V194: 47.96 | W194: 71.784
A195: TL Cinsi Kuponsuz Senetler | B195: 2024 | C195: TRT100925T18 | D195: 11.12.2024 | E195: 10.09.2025 | F195: 273 | I195: 25169000 | J195: 18827811 | K195: 6639000 | L195: 5017729.8 | M195: 5358560.5 | N195: 4050000 | O195: 661550.67 | P195: 500000 | Q195: 1634302.6 | R195: 1235205.9 | S195: 14293414 | T195: 10802936 | U195: 32.31 | V195: 45.25 | W195: 75.58
A196: TL Cinsi Kuponsuz Senetler | B196: 2023 | C196: TRT131223T12 | D196: 18.01.2023 | E196: 13.12.2023 | F196: 329 | I196: 1422000 | J196: 1292928.1 | K196: 533000 | L196: 486057.72 | M196: 328972.62 | N196: 300000 | O196: 137071.92 | P196: 125000 | Q196: 30003.618 | R196: 27361.199 | S196: 1029048.2 | T196: 938418.92 | U196: 9.66 | V196: 10.74 | W196: 91.193
A197: TL Cinsi Kuponsuz Senetler | B197: 2023 | C197: TRT131223T12 | D197: 08.03.2023 | E197: 13.12.2023 | F197: 280 | I197: 1346000 | J197: 1249938.6 | K197: 936000 | L197: 870350.99 | M197: 0 | N197: 0 | O197: 1290516.9 | P197: 1200000 | Q197: 0 | R197: 0 | S197: 2226516.9 | T197: 2070351 | U197: 7.54 | V197: 9.91 | W197: 92.986
A198: TL Cinsi Kuponsuz Senetler | B198: 2023 | C198: TRT161024T10 | D198: 19.07.2023 | E198: 16.10.2024 | F198: 455 | I198: 1265000 | J198: 986195.4 | K198: 325000 | L198: 266954.35 | M198: 1217433.6 | N198: 1000000 | O198: 30435.84 | P198: 24999.999 | Q198: 0 | R198: 0 | S198: 1572869.5 | T198: 1291954.3 | U198: 21.74 | V198: 17.05 | W198: 82.14
A199: TL Cinsi Kuponsuz Senetler | B199: 2023 | C199: TRT161024T10 | D199: 18.10.2023 | E199: 16.10.2024 | F199: 364 | I199: 3330001.8 | J199: 2462714.3 | K199: 1030001.8 | L199: 815226.35 | M199: 1895183.7 | N199: 1500000 | O199: 37903.673 | P199: 29999.999 | Q199: 0 | R199: 0 | S199: 2963089.2 | T199: 2345226.3 | U199: 26.35 | V199: 26.35 | W199: 79.148
A200: TL Cinsi Kuponsuz Senetler | B200: 2023 | C200: TRT161024T10 | D200: 08.11.2023 | E200: 16.10.2024 | F200: 343 | I200: 6561007 | J200: 4621859.4 | K200: 1581007 | L200: 1151183.5 | M200: 0 | N200: 0 | O200: 137338.11 | P200: 99999.998 | Q200: 0 | R200: 0 | S200: 1718345.1 | T200: 1251183.5 | U200: 37.34 | V200: 40.03 | W200: 72.813
A201: TL Cinsi Kuponsuz Senetler | B201: 2022 | C201: TRT250123T11 | D201: 12.01.2022 | E201: 25.01.2023 | F201: 378 | I201: 3244010 | J201: 2589066.4 | K201: 1772010 | L201: 1420132.2 | M201: 499114.07 | N201: 400000 | O201: 998228.14 | P201: 800000 | Q201: 776000 | R201: 621901.92 | S201: 4045352.2 | T201: 3242034.1 | U201: 24.78 | V201: 23.76 | W201: 80.142
A202: TL Cinsi Kuponsuz Senetler | B202: 2022 | C202: TRT250123T11 | D202: 16.02.2022 | E202: 25.01.2023 | F202: 343 | I202: 6779010 | J202: 5713621.2 | K202: 1416010 | L202: 1198626.8 | M202: 1004158.4 | N202: 850000 | O202: 2539930.1 | P202: 2150000 | Q202: 0 | R202: 0 | S202: 4960098.5 | T202: 4198626.8 | U202: 18.14 | V202: 19.35 | W202: 84.648
A203: TL Cinsi Kuponsuz Senetler | B203: 2022 | C203: TRT250123T11 | D203: 09.03.2022 | E203: 25.01.2023 | F203: 322 | I203: 5277000 | J203: 4396263.8 | K203: 2436000 | L203: 2036769.3 | M203: 0 | N203: 0 | O203: 2152826.8 | P203: 1800000 | Q203: 25012.857 | R203: 20913.5 | S203: 4613839.6 | T203: 3857682.8 | U203: 19.6 | V203: 22.43 | W203: 83.611
A204: TL Cinsi Kuponsuz Senetler | B204: 2022 | C204: TRB220223T13 | D204: 13.04.2022 | E204: 22.02.2023 | F204: 315 | I204: 3865028.3 | J204: 3234798.9 | K204: 2265028.3 | L204: 1898437 | M204: 119310.38 | N204: 99999.999 | O204: 1312414.2 | P204: 1100000 | Q204: 345248.25 | R204: 289369.82 | S204: 4042001.2 | T204: 3387806.9 | U204: 19.31 | V204: 22.63 | W204: 83.815
... A224: TL Cinsi Kuponsuz Senetler | B224: 2020 | C224: TRB091220T11 | D224: 27.05.2020 | E224: 09.12.2020 | F224: 196 | I224: 1867000 | J224: 1790414.6 | K224: 846000 | L224: 811529.74 | M224: 0 | N224: 0 | O224: 1042470.2 | P224: 1000000 | Q224: 27608.089 | R224: 26483.335 | S224: 1916078.3 | T224: 1838013.1 | U224: 4.25 | V224: 8.03 | W224: 95.926
A225: TL Cinsi Kuponsuz Senetler | B225: 2020 | C225: TRT090621T18 | D225: 10.06.2020 | E225: 09.06.2021 | F225: 364 | I225: 2260005.5 | J225: 2081744.5 | K225: 925000 | L225: 852900.45 | M225: 433815.95 | N225: 400000 | O225: 759177.92 | P225: 700000 | Q225: - | R225: - | S225: 2117993.9 | T225: 1952900.4 | U225: 8.45 | V225: 8.45 | W225: 92.205
A226: TL Cinsi Kuponsuz Senetler | B226: 2020 | C226: TRB091220T11 | D226: 17.06.2020 | E226: 09.12.2020 | F226: 175 | I226: 3202000 | J226: 3080920 | K226: 1018000 | L226: 980092.29 | M226: 0 | N226: 0 | O226: 1558020.7 | P226: 1500000 | Q226: - | R226: - | S226: 2576020.7 | T226: 2480092.3 | U226: 3.87 | V226: 8.21 | W226: 96.276
A227: TL Cinsi Kuponsuz Senetler | B227: 2020 | C227: TRT180821T15 | D227: 22.07.2020 | E227: 18.08.2021 | F227: 392 | I227: 2252055.6 | J227: 2039744.8 | K227: 602000 | L227: 545779.21 | M227: 0 | N227: 0 | O227: 1103010.1 | P227: 1000000 | Q227: 0 | R227: 0 | S227: 1705010.1 | T227: 1545779.2 | U227: 10.3 | V227: 9.53 | W227: 90.661
A228: TL Cinsi Kuponsuz Senetler | B228: 2019 | C228: TRT150120T32 | D228: 16.01.2019 | E228: 15.01.2020 | F228: 364 | I228: 600200 | J228: 502998.54 | K228: 380000 | L228: 319368.66 | M228: 856694.11 | N228: 720000 | O228: 956641.76 | P228: 804000 | Q228: 0 | R228: 0 | S228: 2193335.9 | T228: 1843368.7 | U228: 18.98 | V228: 18.98 | W228: 84.044
...

Sheet TLREF Endeksli Senetler
A1: Genel Bilgiler | I1: Teklif Edilen Tutar | K1: İhale Kabul Edilen Tutar | M1: Rek. Olmayan Teklif - Kamu | O1: Rek. Olmayan Teklif - Piyasa Yapıcı | Q1: İhale Sonrası Satış | S1: Toplam Satış | U1: Kabul Edilen Faiz (%) | W1: Fiyat
A2: Senet Türü | B2: Yıl | C2: ISIN Kodu | D2: Valör Tarihi | E2: İtfa Tarihi | F2: Vade (Gün) | G2: Kupon Dönemi | H2: Kupon Oranı (%) | I2: Nominal (Bin TL) | J2: Net (Bin TL) | K2: Nominal (Bin TL) | L2: Net (Bin TL) | M2: Nominal (Bin TL) | N2: Net (Bin TL) | O2: Nominal (Bin TL) | P2: Net (Bin TL) | Q2: Nominal (Bin TL) | R2: Net (Bin TL) | S2: Nominal (Bin TL) | T2: Net (Bin TL) | U2: Ort. Dönem (Basit) | V2: Ort. Yıllık Bileşik | W2: İhraç Birim Fiyatı (Ort.)
A3: TLREF Endeksli Senetler | B3: 2026 | C3: TRT090130T12 | D3: 14.01.2026 | E3: 09.01.2030 | F3: 1456 | G3: 6 ay | I3: 79609005 | J3: 78023610 | K3: 29589001 | L3: 29392788 | M3: 22247501 | N3: 22100000 | O3: 23153508 | P3: 23000000 | Q3: 2098463.6 | R3: 2084550.8 | S3: 77088473 | T3: 76577339 | U3: 18.77 | V3: 41.05 | W3: 99.337
A4: TLREF Endeksli Senetler | B4: 2026 | C4: TRT090130T12 | D4: 11.02.2026 | E4: 09.01.2030 | F4: 1428 | G4: 6 ay | I4: 56562000 | J4: 58027619 | K4: 31595000 | L4: 32495975 | M4: 14972971 | N4: 15400000 | O4: 13611792 | P4: 14000000 | Q4: 8396267 | R4: 8635728.5 | S4: 68576030 | T4: 70531703 | U4: 18.55 | V4: 40.54 | W4: 102.852
A5: TLREF Endeksli Senetler | B5: 2026 | C5: TRT090130T12 | D5: 18.03.2026 | E5: 09.01.2030 | F5: 1393 | G5: 6 ay | I5: 81525000 | J5: 83978061 | K5: 16613000 | L5: 17209377 | M5: 9682401.8 | N5: 10030000 | O5: 19789555 | P5: 20500000 | Q5: 2606759.8 | R5: 2700342.5 | S5: 48691717 | T5: 50439720 | U5: 19.25 | V5: 42.19 | W5: 103.59
A6: TLREF Endeksli Senetler | B6: 2026 | C6: TRT090130T12 | D6: 08.04.2026 | E6: 09.01.2030 | F6: 1372 | G6: 6 ay | I6: 101723858 | J6: 1.0671121e+08 | K6: 62860858 | L6: 66117448 | M6: 190148.41 | N6: 200000 | O6: 31849859 | P6: 33500000 | Q6: 23923511 | R6: 25162988 | S6: 1.1882438e+08 | T6: 1.2498044e+08 | U6: 19.39 | V6: 42.53 | W6: 105.181
A7: TLREF Endeksli Senetler | B7: 2026 | C7: TRT090130T12 | D7: 13.05.2026 | E7: 09.01.2030 | F7: 1337 | G7: 6 ay | I7: 122200001 | J7: 1.3337384e+08 | K7: 40607001 | L7: 44450411 | M7: 1863609.4 | N7: 2040000 | O7: 36541360 | P7: 40000000 | Q7: 18248574 | R7: 19975802 | S7: 97260545 | T7: 1.0646621e+08 | U7: 19.22 | V7: 42.12 | W7: 109.465
A8: TLREF Endeksli Senetler | B8: 2026 | C8: TRT090130T12 | D8: 10.06.2026 | E8: 09.01.2030 | F8: 1309 | G8: 6 ay | I8: 104246000 | J8: 1.1700454e+08 | K8: 60642000 | L8: 68135035 | M8: 3586813.3 | N8: 4030000 | O8: 50731603 | P8: 57000000 | Q8: 25428457 | R8: 28570397 | S8: 1.4038887e+08 | T8: 1.5773543e+08 | U8: 19.25 | V8: 42.19 | W8: 112.356
A9: TLREF Endeksli Senetler | B9: 2026 | C9: TRT030730T12* | D9: 08.07.2026 | E9: 03.07.2030 | F9: 1456 | G9: 6 ay | I9: 1.4623886e+08 | J9: 1.4287476e+08 | K9: 75869822 | L9: 74576049 | M9: 3764179.3 | N9: 3700000 | O9: 80370314 | P9: 79000000 | Q9: 508672.87 | R9: 500000 | S9: 1.6051299e+08 | T9: 1.5777605e+08 | U9: 20.45 | V9: 45.08 | W9: 98.295
A10: TLREF Endeksli Senetler | B10: 2026 | C10: TRT030730T12 | D10: 19.08.2026 | E10: 03.07.2030 | F10: 1414 | G10: 6 ay | I10: 128932100 | J10: 1.3194076e+08 | K10: 32323100 | L10: 33159966 | M10: 97476.337 | N10: 99999.999 | O10: 53611986 | P10: 55000000 | Q10: 14802107 | R10: 15185333 | S10: 1.0083467e+08 | T10: 1.034453e+08 | U10: 20.46 | V10: 45.09 | W10: 102.589
A11: TLREF Endeksli Senetler | B11: 2026 | C11: TRT110930T36 | D11: 16.09.2026 | E11: 11.09.2030 | F11: 1456 | G11: 6 ay | I11: 113114000 | J11: 1.1046897e+08 | K11: 49631000 | L11: 48851315 | M11: 5486188 | N11: 5400000 | O11: 30478822 | P11: 30000000 | Q11: 0 | R11: 0 | S11: 85596010 | T11: 84251315 | U11: 18.64 | V11: 40.76 | W11: 98.429
A12: TLREF Endeksli Senetler | B12: 2026 | C12: TRT110930T36 | D12: 07.10.2026 | E12: 11.09.2030 | F12: 1435 | G12: 6 ay | I12: 58939000 | J12: 58617039 | K12: 26298000 | L12: 26217249 | M12: 0 | N12: 0 | O12: 25076986 | P12: 25000000 | Q12: 5300499.5 | R12: 5284227 | S12: 56675486 | T12: 56501476 | U12: 18.82 | V12: 41.18 | W12: 99.693
A13: TLREF Endeksli Senetler | B13: 2026 | C13: (*) İlgili ihalede yükümlülüğün yerine getirilmemesi sebebiyle, ihalede kabul edilen tutar ve toplam satış tutarlarında yukarıda belirtilen istatistiklerden nominal satış tutarı 175.000.000,00 TL; net satış tutarı ise 203.234.500,00 TL eksik gerçekleşmiştir. | D13: nan | E13: nan
A14: TLREF Endeksli Senetler | B14: 2025 | C14: TRT061228T16 | D14: 15.01.2025 | E14: 06.12.2028 | F14: 1421 | G14: 3 ay | I14: 49270032 | J14: 51262429 | K14: 16874000 | L14: 17661324 | M14: 2866260.3 | N14: 3000000 | O14: 33439703 | P14: 35000000 | Q14: 4284423.3 | R14: 4484334.5 | S14: 57464387 | T14: 60145659 | U14: 12.5 | V14: 60.15 | W14: 104.666
A15: TLREF Endeksli Senetler | B15: 2025 | C15: TRT061228T16 | D15: 19.02.2025 | E15: 06.12.2028 | F15: 1386 | G15: 3 ay | I15: 75514318 | J15: 82300767 | K15: 20501318 | L15: 22438293 | M15: 2741027.7 | N15: 3000000 | O15: 13705139 | P15: 15000000 | Q15: 7709161 | R15: 8437522.5 | S15: 44656645 | T15: 48875816 | U15: 12.51 | V15: 60.21 | W15: 109.448
A16: TLREF Endeksli Senetler | B16: 2025 | C16: TRT070329T15 | D16: 12.03.2025 | E16: 07.03.2029 | F16: 1456 | G16: 3 ay | I16: 52389000 | J16: 51236840 | K16: 30269000 | L16: 29794013 | M16: 6603610.7 | N16: 6500000 | O16: 7619550.7 | P16: 7500000 | Q16: 6652834.1 | R16: 6548451.1 | S16: 51144995 | T16: 50342464 | U16: 10.83 | V16: 50.88 | W16: 98.431
A17: TLREF Endeksli Senetler | B17: 2025 | C17: TRT080426T16 | D17: 09.04.2025 | E17: 08.04.2026 | F17: 364 | G17: 3 ay | I17: 1.0015502e+08 | J17: 97925951 | K17: 48823020 | L17: 48195551 | M17: 0 | N17: 0 | O17: 30390518 | P17: 30000000 | Q17: 110418.88 | R17: 109000 | S17: 79323957 | T17: 78304551 | U17: 12.05 | V17: 57.65 | W17: 98.715
A18: TLREF Endeksli Senetler | B18: 2025 | C18: TRT070329T15 | D18: 14.05.2025 | E18: 07.03.2029 | F18: 1393 | G18: 3 ay | I18: 74609000 | J18: 74840593 | K18: 39461000 | L18: 39857749 | M18: 2970150 | N18: 3000000 | O18: 14850750 | P18: 15000000 | Q18: 16764389 | R18: 16932871 | S18: 74046289 | T18: 74790620 | U18: 11.5 | V18: 54.57 | W18: 101.005
A19: TLREF Endeksli Senetler | B19: 2025 | C19: TRT130629T30 | D19: 18.06.2025 | E19: 13.06.2029 | F19: 1456 | G19: 3 ay | I19: 81751004 | J19: 75981893 | K19: 50419004 | L19: 47098581 | M19: 2676258.4 | N19: 2500000 | O19: 18198557 | P19: 17000000 | Q19: 20501647 | R19: 19151408 | S19: 91795466 | T19: 85749990 | U19: 12.47 | V19: 60 | W19: 93.414
A20: TLREF Endeksli Senetler | B20: 2025 | C20: TRT040729T14 | D20: 09.07.2025 | E20: 04.07.2029 | F20: 1456 | G20: 6 ay | I20: 101867278 | J20: 95052769 | K20: 32615000 | L20: 30774210 | M20: 9538344.1 | N20: 9000000 | O20: 40273009 | P20: 38000000 | Q20: 12202729 | R20: 11514007 | S20: 94629081 | T20: 89288216 | U20: 24.68 | V20: 55.45 | W20: 94.356
A21: TLREF Endeksli Senetler | B21: 2025 | C21: TRT040729T14 | D21: 20.08.2025 | E21: 04.07.2029 | F21: 1414 | G21: 6 ay | I21: 179552851 | J21: 1.8104531e+08 | K21: 27285000 | L21: 27707455 | M21: 7917438.1 | N21: 8040000 | O21: 31512191 | P21: 32000000 | Q21: 9419403.6 | R21: 9565216 | S21: 76134033 | T21: 77312671 | U21: 23.98 | V21: 53.72 | W21: 101.548
A22: TLREF Endeksli Senetler | B22: 2024 | C22: TRT190128T14 | D22: 24.01.2024 | E22: 19.01.2028 | F22: 1456 | G22: 3 ay | I22: 38392211 | J22: 37023569 | K22: 5910000 | L22: 5864075 | M22: 0 | N22: 0 | O22: 10078308 | P22: 10000000 | Q22: 3010000 | R22: 2986612.3 | S22: 18998308 | T22: 18850687 | U22: 10.72 | V22: 50.3 | W22: 99.223
A23: TLREF Endeksli Senetler | B23: 2024 | C23: TRT190128T14 | D23: 14.02.2024 | E23: 19.01.2028 | F23: 1435 | G23: 3 ay | I23: 29462003 | J23: 29493318 | K23: 7170000 | L23: 7319549.7 | M23: 0 | N23: 0 | O23: 5877397.5 | P23: 6000000 | Q23: 1961824 | R23: 2002747.6 | S23: 15009221 | T23: 15322297 | U23: 10.66 | V23: 49.93 | W23: 102.086
A24: TLREF Endeksli Senetler | B24: 2024 | C24: TRT190128T14 | D24: 13.03.2024 | E24: 19.01.2028 | F24: 1407 | G24: 3 ay | I24: 19044000 | J24: 19695210 | K24: 6310000 | L24: 6633671.5 | M24: 0 | N24: 0 | O24: 4280414.7 | P24: 4500000 | Q24: 3245940.9 | R24: 3412457.7 | S24: 13836356 | T24: 14546129 | U24: 10.68 | V24: 50.07 | W24: 105.13
A25: TLREF Endeksli Senetler | B25: 2024 | C25: TRT190128T14 | D25: 17.04.2024 | E25: 19.01.2028 | F25: 1372 | G25: 3 ay | I25: 25895005 | J25: 28269890 | K25: 12800000 | L25: 14045439 | M25: 0 | N25: 0 | O25: 8201950.2 | P25: 9000000 | Q25: 5125110.1 | R25: 5623783.3 | S25: 26127060 | T25: 28669222 | U25: 10.62 | V25: 49.76 | W25: 109.73
... A61: TLREF Endeksli Senetler | B61: 2021 | C61: TRT130127T11 | D61: 20.10.2021 | E61: 13.01.2027 | F61: 1911 | G61: 3 ay | I61: 1956001 | J61: 1879141.5 | K61: 611001 | L61: 592442.31 | M61: 0 | N61: 0 | O61: 773490.92 | P61: 750000 | Q61: 155866.41 | R61: 151132.75 | S61: 1540358.3 | T61: 1493575.1 | U61: 5.19 | V61: 22.44 | W61: 96.963
A62: TLREF Endeksli Senetler | B62: 2021 | C62: TRT130127T11 | D62: 10.11.2021 | E62: 13.01.2027 | F62: 1890 | G62: 3 ay | I62: 1514000 | J62: 1446712.1 | K62: 300000 | L62: 292099.05 | M62: 77028.942 | N62: 75000 | O62: 333792.08 | P62: 325000 | Q62: - | R62: - | S62: 710821.02 | T62: 692099.05 | U62: 5.25 | V62: 22.72 | W62: 97.366
A63: TLREF Endeksli Senetler | B63: 2020 | C63: TRT260122T11 | D63: 29.01.2020 | E63: 26.01.2022 | F63: 728 | G63: 3 ay | I63: 9789750 | J63: 9745880.9 | K63: 2140700 | L63: 2146697.3 | M63: 648185.08 | N63: 650000 | O63: 1246509.8 | P63: 1250000 | Q63: 634242.12 | R63: 636018 | S63: 4669637 | T63: 4682715.3 | U63: 2.46 | V63: 10.21 | W63: 100.28
A64: TLREF Endeksli Senetler | B64: 2020 | C64: TRT260122T11 | D64: 26.02.2020 | E64: 26.01.2022 | F64: 700 | G64: 3 ay | I64: 3563330.6 | J64: 3563099.6 | K64: 1850330.6 | L64: 1864659.5 | M64: 0 | N64: 0 | O64: 1190783.3 | P64: 1200000 | Q64: 0 | R64: 0 | S64: 3041113.9 | T64: 3064659.5 | U64: 2.5 | V64: 10.37 | W64: 100.774
A65: TLREF Endeksli Senetler | B65: 2020 | C65: TRT210623T10 | D65: 25.03.2020 | E65: 21.06.2023 | F65: 1183 | G65: 3 ay | I65: 2492000 | J65: 2474935 | K65: 2167000 | L65: 2161092.5 | M65: 0 | N65: 0 | O65: 1403832.5 | P65: 1400000 | Q65: 0 | R65: 0 | S65: 3570832.5 | T65: 3561092.5 | U65: 2.52 | V65: 10.49 | W65: 99.727
A66: TLREF Endeksli Senetler | B66: 2020 | C66: TRT210623T10 | D66: 08.04.2020 | E66: 21.06.2023 | F66: 1169 | G66: 3 ay | I66: 4503000 | J66: 4450136.2 | K66: 3718000 | L66: 3685173.2 | M66: 0 | N66: 0 | O66: 2522271.7 | P66: 2500000 | Q66: 0 | R66: 0 | S66: 6240271.7 | T66: 6185173.2 | U66: 2.62 | V66: 10.89 | W66: 99.117
A67: TLREF Endeksli Senetler | B67: 2020 | C67: TRT210623T10 | D67: 13.05.2020 | E67: 21.06.2023 | F67: 1134 | G67: 3 ay | I67: 6015000 | J67: 6018106.4 | K67: 3510000 | L67: 3528348.4 | M67: 0 | N67: 0 | O67: 1492195.8 | P67: 1500000 | Q67: 0 | R67: 0 | S67: 5002195.8 | T67: 5028348.4 | U67: 2.58 | V67: 10.71 | W67: 100.523
A68: TLREF Endeksli Senetler | B68: 2020 | C68: TRT210623T10 | D68: 17.06.2020 | E68: 21.06.2023 | F68: 1099 | G68: 3 ay | I68: 3659200 | J68: 3702398.2 | K68: 1673000 | L68: 1701212.9 | M68: 0 | N68: 0 | O68: 1475129.3 | P68: 1500000 | Q68: 600 | R68: 610.116 | S68: 3148729.3 | T68: 3201823 | U68: 2.56 | V68: 10.64 | W68: 101.686
A69: TLREF Endeksli Senetler | B69: 2020 | C69: TRT170724T14 | D69: 22.07.2020 | E69: 17.07.2024 | F69: 1456 | G69: 3 ay | I69: 3057001 | J69: 3013522.9 | K69: 1208000 | L69: 1196907.8 | M69: 0 | N69: 0 | O69: 1614824.1 | P69: 1600000 | Q69: 24000 | R69: 23779.68 | S69: 2846824.1 | T69: 2820687.5 | U69: 2.57 | V69: 10.69 | W69: 99.082
A70: TLREF Endeksli Senetler | B70: 2020 | C70: TRT170724T14 | D70: 12.08.2020 | E70: 17.07.2024 | F70: 1435 | G70: 3 ay | I70: 3437000 | J70: 3367727.8 | K70: 2187000 | L70: 2168142.9 | M70: 0 | N70: 0 | O70: 1008694.9 | P70: 1000000 | Q70: 60010.288 | R70: 59492.999 | S70: 3255705.2 | T70: 3227635.9 | U70: 2.61 | V70: 10.86 | W70: 99.138
A71: TLREF Endeksli Senetler | B71: 2020 | C71: TRT170724T14 | D71: 16.09.2020 | E71: 17.07.2024 | F71: 1400 | G71: 3 ay | I71: 3577000 | J71: 3565572.5 | K71: 825000 | L71: 834835.5 | M71: 143291.96 | N71: 145000 | O71: 889398.37 | P71: 900000 | Q71: 0 | R71: 0 | S71: 1857690.3 | T71: 1879835.5 | U71: 2.53 | V71: 10.5 | W71: 101.192
A72: TLREF Endeksli Senetler | B72: 2020 | C72: TRT170724T14 | D72: 07.10.2020 | E72: 17.07.2024 | F72: 1379 | G72: 3 ay | I72: 6318000 | J72: 6388712.5 | K72: 1773000 | L72: 1806340.9 | M72: 54966.627 | N72: 56000 | O72: 1472320.4 | P72: 1500000 | Q72: 399200 | R72: 406704.96 | S72: 3699487 | T72: 3769045.9 | U72: 2.52 | V72: 10.46 | W72: 101.88

Sheet TL Cinsi Kira Sertifikalari
A1: Genel Bilgiler | I1: Teklif Edilen Tutar | K1: İhale Kabul Edilen Tutar | M1: Rek. Olmayan Teklif - Kamu | O1: Rek. Olmayan Teklif - Piyasa Yapıcı | Q1: İhale Sonrası Satış | S1: Toplam Satış | U1: Kabul Edilen Faiz (%) | W1: Fiyat
A2: Senet Türü | B2: Yıl | C2: ISIN Kodu | D2: Valör Tarihi | E2: İtfa Tarihi | F2: Vade (Gün) | G2: Kupon Dönemi | H2: Kupon Oranı (%) | I2: Nominal (Bin TL) | J2: Net (Bin TL) | K2: Nominal (Bin TL) | L2: Net (Bin TL) | M2: Nominal (Bin TL) | N2: Net (Bin TL) | O2: Nominal (Bin TL) | P2: Net (Bin TL) | Q2: Nominal (Bin TL) | R2: Net (Bin TL) | S2: Nominal (Bin TL) | T2: Net (Bin TL) | U2: Ort. Dönem (Basit) | V2: Ort. Yıllık Bileşik | W2: İhraç Birim Fiyatı (Ort.)
A3: TL Cinsi Kira Sertifikalari | B3: 2012 | C3: TRD011014T17 | D3: 03.10.2012 | E3: 01.10.2014 | F3: 728 | G3: 6 Ay | H3: 3.7 | K3: 1624482.6 | L3: 1624482.6 | W3: 100
A4: TL Cinsi Kira Sertifikalari | B4: 2013 | C4: TRD180215T17 | D4: 20.02.2013 | E4: 18.02.2015 | F4: 728 | G4: 6 Ay | H4: 2.85 | K4: 1515326.8 | L4: 1515326.8 | W4: 100
A5: TL Cinsi Kira Sertifikalari | B5: 2013 | C5: TRD190815T10 | D5: 21.08.2013 | E5: 19.08.2015 | F5: 728 | G5: 6 Ay | H5: 4.5 | K5: 1817300 | L5: 1817300 | W5: 100
A6: TL Cinsi Kira Sertifikalari | B6: 2014 | C6: TRD170216T17 | D6: 19.02.2014 | E6: 17.02.2016 | F6: 728 | G6: 6 Ay | H6: 5.3 | K6: 1332820 | L6: 1332820 | W6: 100
A7: TL Cinsi Kira Sertifikalari | B7: 2014 | C7: TRD280916T17 | D7: 01.10.2014 | E7: 28.09.2016 | F7: 728 | G7: 6 Ay | H7: 4.84 | K7: 1839964.1 | L7: 1839964.1 | W7: 100
A8: TL Cinsi Kira Sertifikalari | B8: 2015 | C8: TRD150217T18 | D8: 18.02.2015 | E8: 15.02.2017 | F8: 728 | G8: 6 Ay | H8: 3.9 | K8: 1801515.3 | L8: 1801515.3 | W8: 100
A9: TL Cinsi Kira Sertifikalari | B9: 2015 | C9: TRD160817T11 | D9: 19.08.2015 | E9: 16.08.2017 | F9: 728 | G9: 6 Ay | H9: 4.98 | K9: 1588783.9 | L9: 1588783.9 | W9: 100
A10: TL Cinsi Kira Sertifikalari | B10: 2016 | C10: TRD140218T18 | D10: 17.02.2016 | E10: 14.02.2018 | F10: 728 | G10: 6 Ay | H10: 5.32 | K10: 1900352.3 | L10: 1900352.3 | W10: 100
A11: TL Cinsi Kira Sertifikalari | B11: 2016 | C11: TRD140721T18 | D11: 20.07.2016 | E11: 14.07.2021 | F11: 1820 | G11: 6 Ay | H11: 4.7 | K11: 907500 | L11: 907500 | W11: 100
A12: TL Cinsi Kira Sertifikalari | B12: 2016 | C12: TRD260918T17 | D12: 28.09.2016 | E12: 26.09.2018 | F12: 728 | G12: 6 Ay | H12: 4.4 | K12: 1102839.2 | L12: 1102839.2 | W12: 100
A13: TL Cinsi Kira Sertifikalari | B13: 2016 | C13: TRD220921T16 | D13: 28.09.2016 | E13: 22.09.2021 | F13: 1820 | G13: 6 Ay | H13: 1.12 | K13: 1066565.1 | L13: 1066565.1 | W13: 100
A14: TL Cinsi Kira Sertifikalari | B14: 2016 | C14: TRD211118T18 | D14: 23.11.2016 | E14: 21.11.2018 | F14: 728 | G14: 6 Ay | H14: 5.08 | K14: 1285000 | L14: 1285000 | W14: 100
... A43: TL Cinsi Kira Sertifikalari | B43: 2021 | C43: TRD120723T18 | D43: 14.07.2021 | E43: 12.07.2023 | F43: 728 | G43: 6 Ay | H43: 9.04 | K43: 1143740 | L43: 1143740 | W43: 100
A44: TL Cinsi Kira Sertifikalari | C44: TRD160823T13 | D44: 18.08.2021 | E44: 16.08.2023 | F44: 728 | G44: 6 Ay | H44: 8.9 | K44: 921700 | L44: 921700 | W44: 100
A45: TL Cinsi Kira Sertifikalari | B45: 2021 | C45: TRD160926T19 | D45: 22.09.2021 | E45: 16.09.2026 | F45: 1820 | G45: 6 Ay | H45: 8.4 | K45: 725000 | L45: 725000 | W45: 100
A46: TL Cinsi Kira Sertifikalari | B46: 2021 | C46: TRD181023T17 | D46: 20.10.2021 | E46: 18.10.2023 | F46: 728 | G46: 6 Ay | H46: 9.05 | K46: 1914500 | L46: 1914500 | W46: 100
A47: TL Cinsi Kira Sertifikalari | B47: 2021 | C47: TRD131223T10 | D47: 15.12.2021 | E47: 13.12.2023 | F47: 728 | G47: 6 Ay | H47: 10.16 | K47: 2992530 | L47: 2992530 | W47: 100
A48: TL Cinsi Kira Sertifikalari | B48: 2022 | C48: TRD200127T10 | D48: 26.01.2022 | E48: 20.01.2027 | F48: 1820 | G48: 6 Ay | H48: 0 | K48: 11111100 | L48: 13333320 | W48: 120
A49: TL Cinsi Kira Sertifikalari | B49: 2022 | C49: TRD140224T10 | D49: 16.02.2022 | E49: 14.02.2024 | F49: 728 | G49: 6 Ay | H49: 10.1 | K49: 5561460 | L49: 5561460 | W49: 100
A50: TL Cinsi Kira Sertifikalari | B50: 2022 | C50: TRD200324T29 | D50: 23.03.2022 | E50: 20.03.2024 | F50: 728 | G50: 6 Ay | H50: 12.15 | K50: 4098810 | L50: 4098810 | W50: 100
A51: TL Cinsi Kira Sertifikalari | B51: 2022 | C51: TRD070432T17 | D51: 20.04.2022 | E51: 07.04.2032 | F51: 3640 | G51: 6 Ay | H51: 0 | K51: 8644000 | L51: 11064320 | W51: 128
A52: TL Cinsi Kira Sertifikalari | B52: 2022 | C52: TRD080524T15 | D52: 11.05.2022 | E52: 08.05.2024 | F52: 728 | G52: 6 Ay | H52: 11.35 | K52: 2271520 | L52: 2271520 | W52: 100
A53: TL Cinsi Kira Sertifikalari | B53: 2022 | C53: TRD230632T15 | D53: 06.07.2022 | E53: 23.06.2032 | F53: 3640 | G53: 6 Ay | H53: 9.04 | K53: 8240030 | L53: 8240030 | W53: 100
A54: TL Cinsi Kira Sertifikalari | B54: 2022 | C54: TRD040832T16 | D54: 17.08.2022 | E54: 04.08.2032 | F54: 3640 | G54: 6 Ay | H54: 8.07 | K54: 10290430 | L54: 10290430 | W54: 100
A55: TL Cinsi Kira Sertifikalari | B55: 2022 | C55: TRD080927T18 | D55: 14.09.2022 | E55: 08.09.2027 | F55: 1820 | G55: 6 Ay | H55: 5.09 | K55: 19718500 | L55: 19718500 | W55: 100
A56: TL Cinsi Kira Sertifikalari | B56: 2022 | C56: TRD061027T17 | D56: 12.10.2022 | E56: 06.10.2027 | F56: 1820 | G56: 6 Ay | H56: 5.23 | K56: 11484000 | L56: 11484000 | W56: 100
... A95: TL Cinsi Kira Sertifikalari | B95: 2026 | C95: TRD041028T26 | D95: 07.10.2026 | E95: 04.10.2028 | F95: 728 | G95: 6 Ay | H95: 18.9 | K95: 59255500 | L95: 59255500 | W95: 100

Sheet TL Cinsi Kuponsuz Senetler
A1: Genel Bilgiler | I1: Teklif Edilen Tutar | K1: İhale Kabul Edilen Tutar | M1: Rek. Olmayan Teklif - Kamu | O1: Rek. Olmayan Teklif - Piyasa Yapıcı | Q1: İhale Sonrası Satış | S1: Toplam Satış | U1: Kabul Edilen Faiz (%) | W1: Fiyat
A2: Senet Türü | B2: Yıl | C2: ISIN Kodu | D2: Valör Tarihi | E2: İtfa Tarihi | F2: Vade (Gün) | G2: Kupon Dönemi | H2: Kupon Oranı (%) | I2: Nominal (Bin TL) | J2: Net (Bin TL) | K2: Nominal (Bin TL) | L2: Net (Bin TL) | M2: Nominal (Bin TL) | N2: Net (Bin TL) | O2: Nominal (Bin TL) | P2: Net (Bin TL) | Q2: Nominal (Bin TL) | R2: Net (Bin TL) | S2: Nominal (Bin TL) | T2: Net (Bin TL) | U2: Ort. Dönem (Basit) | V2: Ort. Yıllık Bileşik | W2: İhraç Birim Fiyatı (Ort.)
A3: TL Cinsi Kuponsuz Senetler | B3: 2026 | C3: TRT060127T10 | D3: 07.01.2026 | E3: 06.01.2027 | F3: 364 | I3: 86764373 | J3: 63303336 | K3: 38149825 | L3: 27918968 | M3: 3279495 | N3: 2400000 | O3: 21863300 | P3: 16000000 | Q3: 11914728 | R3: 8719436.2 | S3: 75207348 | T3: 55038404 | U3: 36.64 | V3: 36.64 | W3: 73.182
A4: TL Cinsi Kuponsuz Senetler | B4: 2026 | C4: TRT060127T10 | D4: 11.02.2026 | E4: 06.01.2027 | F4: 329 | I4: 55702054 | J4: 42172668 | K4: 15325245 | L4: 11664499 | M4: 1313836 | N4: 1000000 | O4: 3941508 | P4: 3000000 | Q4: 6920380.2 | R4: 5267309 | S4: 27500969 | T4: 20931808 | U4: 31.38 | V4: 35.25 | W4: 76.113
A5: TL Cinsi Kuponsuz Senetler | B5: 2026 | C5: TRT060127T10 | D5: 11.03.2026 | E5: 06.01.2027 | F5: 301 | I5: 36640334 | J5: 27782187 | K5: 11543831 | L5: 8831242.8 | M5: 24509163 | N5: 18750000 | O5: 6535776.8 | P5: 5000000 | Q5: 4245222.2 | R5: 3247679.9 | S5: 46833993 | T5: 35828923 | U5: 30.72 | V5: 38.25 | W5: 76.502
A6: TL Cinsi Kuponsuz Senetler | B6: 2026 | C6: TRB170327T15 | D6: 08.04.2026 | E6: 17.03.2027 | F6: 343 | I6: 33278500 | J6: 23579670 | K6: 15836500 | L6: 11330430 | M6: 314482.99 | N6: 225000 | O6: 9783915.2 | P6: 7000000 | Q6: 5678397.7 | R6: 4062666.4 | S6: 31613296 | T6: 22618096 | U6: 39.77 | V6: 42.66 | W6: 71.546
A7: TL Cinsi Kuponsuz Senetler | B7: 2026 | C7: TRB170327T15 | D7: 06.05.2026 | E7: 17.03.2027 | F7: 315 | I7: 33625633 | J7: 24659834 | K7: 20819633 | L7: 15322423 | M7: 951138.65 | N7: 700000 | O7: 10870156 | P7: 8000000 | Q7: 6757230.3 | R7: 4973051.2 | S7: 39398158 | T7: 28995474 | U7: 35.88 | V7: 42.51 | W7: 73.596
A8: TL Cinsi Kuponsuz Senetler | B8: 2026 | C8: TRB100227T13 | D8: 17.06.2026 | E8: 10.02.2027 | F8: 238 | I8: 92542421 | J8: 73286937 | K8: 27366584 | L8: 21725993 | M8: 30419831 | N8: 24150000 | O8: 32750129 | P8: 26000000 | Q8: 9698184.7 | R8: 7699291.9 | S8: 1.0023473e+08 | T8: 79575284 | U8: 25.96 | V8: 42.33 | W8: 79.389
A9: TL Cinsi Kuponsuz Senetler | B9: 2026 | C9: TRB100227T13 | D9: 22.07.2026 | E9: 10.02.2027 | F9: 203 | I9: 90138208 | J9: 74178247 | K9: 52688917 | L9: 43425255 | M9: 13831930 | N9: 11400000 | O9: 7279963.1 | P9: 6000000 | Q9: 22178424 | R9: 18279014 | S9: 95979234 | T9: 79104269 | U9: 21.33 | V9: 41.44 | W9: 82.418
A10: TL Cinsi Kuponsuz Senetler | B10: 2026 | C10: TRB100227T13 | D10: 12.08.2026 | E10: 10.02.2027 | F10: 182 | I10: 1.3398242e+08 | J10: 1.126422e+08 | K10: 49116474 | L10: 41343992 | M10: 7128007.1 | N10: 6000000 | O10: 32076032 | P10: 27000000 | Q10: 22707825 | R10: 19114312 | S10: 1.1102834e+08 | T10: 93458304 | U10: 18.8 | V10: 41.13 | W10: 84.175
A11: TL Cinsi Kuponsuz Senetler | B11: 2025 | C11: TRB230725T15 | D11: 22.01.2025 | E11: 23.07.2025 | F11: 182 | I11: 60390700 | J11: 50016786 | K11: 21593600 | L11: 17996378 | M11: 59994.48 | N11: 50000 | O11: 11998896 | P11: 10000000 | Q11: 10377035 | R11: 8648324.4 | S11: 44029525 | T11: 36694703 | U11: 19.99 | V11: 43.97 | W11: 83.341
A12: TL Cinsi Kuponsuz Senetler | B12: 2025 | C12: TRB230725T15 | D12: 12.02.2025 | E12: 23.07.2025 | F12: 161 | I12: 32903775 | J12: 28014078 | K12: 13083075 | L12: 11161317 | M12: 58609.089 | N12: 50000 | O12: 11721818 | P12: 10000000 | Q12: 5921005.3 | R12: 5051268.9 | S12: 30784507 | T12: 26262586 | U12: 17.22 | V12: 43.21 | W12: 85.311
A13: TL Cinsi Kuponsuz Senetler | B13: 2025 | C13: TRB230725T15 | D13: 16.04.2025 | E13: 23.07.2025 | F13: 98 | I13: 17595173 | J13: 15622159 | K13: 5448102 | L13: 4887810.4 | M13: 0 | N13: 0 | O13: 2786571 | P13: 2500000 | Q13: 1736267.5 | R13: 1557709.8 | S13: 9970940.5 | T13: 8945520.2 | U13: 11.46 | V13: 49.64 | W13: 89.716
A14: TL Cinsi Kuponsuz Senetler | B14: 2025 | C14: TRB110326T12 | D14: 11.06.2025 | E14: 11.03.2026 | F14: 273 | I14: 21616000 | J14: 16148858 | K14: 11771000 | L14: 8825634.4 | M14: 2734135.3 | N14: 2050000 | O14: 3334311.4 | P14: 2500000 | Q14: 4306148 | R14: 3228663.6 | S14: 22145595 | T14: 16604298 | U14: 33.37 | V14: 46.81 | W14: 74.978
... A23: TL Cinsi Kuponsuz Senetler | B23: 2024 | C23: TRT090425T16 | D23: 13.03.2024 | E23: 09.04.2025 | F23: 392 | I23: 4513000 | J23: 2917905.2 | K23: 594000 | L23: 388442.8 | M23: 0 | N23: 0 | O23: 1911490.3 | P23: 1250000 | Q23: 181007.69 | R23: 118368.17 | S23: 2686498 | T23: 1756811 | U23: 52.92 | V23: 48.35 | W23: 65.394
A24: TL Cinsi Kuponsuz Senetler | B24: 2024 | C24: TRT090425T16 | D24: 17.04.2024 | E24: 09.04.2025 | F24: 357 | I24: 8910000 | J24: 5900685.7 | K24: 1757000 | L24: 1185063.4 | M24: 2223935.5 | N24: 1500000 | O24: 518918.28 | P24: 350000 | Q24: - | R24: - | S24: 4499853.8 | T24: 3035063.4 | U24: 48.26 | V24: 49.41 | W24: 67.448
A25: TL Cinsi Kuponsuz Senetler | B25: 2024 | C25: TRT090425T16 | D25: 08.05.2024 | E25: 09.04.2025 | F25: 336 | I25: 8417000 | J25: 5730230.9 | K25: 2469000 | L25: 1692680.4 | M25: 3646600.6 | N25: 2500000 | O25: 1021048.2 | P25: 700000 | Q25: 993994.78 | R25: 681453 | S25: 8130643.6 | T25: 5574133.4 | U25: 45.86 | V25: 50.52 | W25: 68.557
A26: TL Cinsi Kuponsuz Senetler | B26: 2024 | C26: TRT090425T16 | D26: 12.06.2024 | E26: 09.04.2025 | F26: 301 | I26: 15199000 | J26: 10816347 | K26: 3649000 | L26: 2609900 | M26: 6990660.5 | N26: 5000000 | O26: 4893462.3 | P26: 3500000 | Q26: 1370630.7 | R26: 980329.92 | S26: 16903754 | T26: 12090230 | U26: 39.81 | V26: 49.97 | W26: 71.524
A27: TL Cinsi Kuponsuz Senetler | B27: 2024 | C27: TRT090425T16 | D27: 10.07.2024 | E27: 09.04.2025 | F27: 273 | I27: 27463005 | J27: 20317860 | K27: 6025000 | L27: 4475774.2 | M27: 3432632.9 | N27: 2550000 | O27: 6730652.7 | P27: 5000000 | Q27: 1125196.2 | R27: 835874.5 | S27: 17313482 | T27: 12861649 | U27: 34.61 | V27: 48.63 | W27: 74.287
A28: TL Cinsi Kuponsuz Senetler | B28: 2024 | C28: TRT100925T18 | D28: 21.08.2024 | E28: 10.09.2025 | F28: 385 | I28: 34700150 | J28: 23200468 | K28: 7694150 | L28: 5221390.3 | M28: 2298782.8 | N28: 1560000 | O28: 6631104.3 | P28: 4500000 | Q28: 1869018.6 | R28: 1268353.4 | S28: 18493056 | T28: 12549744 | U28: 47.36 | V28: 44.27 | W28: 67.862
A29: TL Cinsi Kuponsuz Senetler | B29: 2024 | C29: TRT100925T18 | D29: 11.09.2024 | E29: 10.09.2025 | F29: 364 | I29: 6271000 | J29: 4262010 | K29: 3166000 | L29: 2170508.4 | M29: 2917280.5 | N29: 2000000 | O29: 5834561 | P29: 4000000 | Q29: - | R29: - | S29: 11917842 | T29: 8170508.4 | U29: 45.86 | V29: 45.86 | W29: 68.557
A30: TL Cinsi Kuponsuz Senetler | B30: 2024 | C30: TRT100925T18 | D30: 09.10.2024 | E30: 10.09.2025 | F30: 336 | I30: 21472220 | J30: 14851913 | K30: 9694183.7 | L30: 6755549 | M30: 4304963.6 | N30: 3000000 | O30: 3228722.7 | P30: 2250000 | Q30: 2685785 | R30: 1871643 | S30: 19913655 | T30: 13877192 | U30: 43.5 | V30: 47.88 | W30: 69.687
A31: TL Cinsi Kuponsuz Senetler | B31: 2024 | C31: TRT100925T18 | D31: 06.11.2024 | E31: 10.09.2025 | F31: 308 | I31: 15800230 | J31: 11293579 | K31: 5490000 | L31: 3940950.1 | M31: 0 | N31: 0 | O31: 3482670.2 | P31: 2500000 | Q31: 2281609.3 | R31: 1637830.4 | S31: 11254280 | T31: 8078780.6 | U31: 39.31 | V31: 47.96 | W31: 71.784
A32: TL Cinsi Kuponsuz Senetler | B32: 2024 | C32: TRT100925T18 | D32: 11.12.2024 | E32: 10.09.2025 | F32: 273 | I32: 25169000 | J32: 18827811 | K32: 6639000 | L32: 5017729.8 | M32: 5358560.5 | N32: 4050000 | O32: 661550.67 | P32: 500000 | Q32: 1634302.6 | R32: 1235205.9 | S32: 14293414 | T32: 10802936 | U32: 32.31 | V32: 45.25 | W32: 75.58
A33: TL Cinsi Kuponsuz Senetler | B33: 2023 | C33: TRT131223T12 | D33: 18.01.2023 | E33: 13.12.2023 | F33: 329 | I33: 1422000 | J33: 1292928.1 | K33: 533000 | L33: 486057.72 | M33: 328972.62 | N33: 300000 | O33: 137071.92 | P33: 125000 | Q33: 30003.618 | R33: 27361.199 | S33: 1029048.2 | T33: 938418.92 | U33: 9.66 | V33: 10.74 | W33: 91.193
A34: TL Cinsi Kuponsuz Senetler | B34: 2023 | C34: TRT131223T12 | D34: 08.03.2023 | E34: 13.12.2023 | F34: 280 | I34: 1346000 | J34: 1249938.6 | K34: 936000 | L34: 870350.99 | M34: 0 | N34: 0 | O34: 1290516.9 | P34: 1200000 | Q34: 0 | R34: 0 | S34: 2226516.9 | T34: 2070351 | U34: 7.54 | V34: 9.91 | W34: 92.986
A35: TL Cinsi Kuponsuz Senetler | B35: 2023 | C35: TRT161024T10 | D35: 19.07.2023 | E35: 16.10.2024 | F35: 455 | I35: 1265000 | J35: 986195.4 | K35: 325000 | L35: 266954.35 | M35: 1217433.6 | N35: 1000000 | O35: 30435.84 | P35: 24999.999 | Q35: 0 | R35: 0 | S35: 1572869.5 | T35: 1291954.3 | U35: 21.74 | V35: 17.05 | W35: 82.14
A36: TL Cinsi Kuponsuz Senetler | B36: 2023 | C36: TRT161024T10 | D36: 18.10.2023 | E36: 16.10.2024 | F36: 364 | I36: 3330001.8 | J36: 2462714.3 | K36: 1030001.8 | L36: 815226.35 | M36: 1895183.7 | N36: 1500000 | O36: 37903.673 | P36: 29999.999 | Q36: 0 | R36: 0 | S36: 2963089.2 | T36: 2345226.3 | U36: 26.35 | V36: 26.35 | W36: 79.148
A37: TL Cinsi Kuponsuz Senetler | B37: 2023 | C37: TRT161024T10 | D37: 08.11.2023 | E37: 16.10.2024 | F37: 343 | I37: 6561007 | J37: 4621859.4 | K37: 1581007 | L37: 1151183.5 | M37: 0 | N37: 0 | O37: 137338.11 | P37: 99999.998 | Q37: 0 | R37: 0 | S37: 1718345.1 | T37: 1251183.5 | U37: 37.34 | V37: 40.03 | W37: 72.813
A38: TL Cinsi Kuponsuz Senetler | B38: 2022 | C38: TRT250123T11 | D38: 12.01.2022 | E38: 25.01.2023 | F38: 378 | I38: 3244010 | J38: 2589066.4 | K38: 1772010 | L38: 1420132.2 | M38: 499114.07 | N38: 400000 | O38: 998228.14 | P38: 800000 | Q38: 776000 | R38: 621901.92 | S38: 4045352.2 | T38: 3242034.1 | U38: 24.78 | V38: 23.76 | W38: 80.142
A39: TL Cinsi Kuponsuz Senetler | B39: 2022 | C39: TRT250123T11 | D39: 16.02.2022 | E39: 25.01.2023 | F39: 343 | I39: 6779010 | J39: 5713621.2 | K39: 1416010 | L39: 1198626.8 | M39: 1004158.4 | N39: 850000 | O39: 2539930.1 | P39: 2150000 | Q39: 0 | R39: 0 | S39: 4960098.5 | T39: 4198626.8 | U39: 18.14 | V39: 19.35 | W39: 84.648
A40: TL Cinsi Kuponsuz Senetler | B40: 2022 | C40: TRT250123T11 | D40: 09.03.2022 | E40: 25.01.2023 | F40: 322 | I40: 5277000 | J40: 4396263.8 | K40: 2436000 | L40: 2036769.3 | M40: 0 | N40: 0 | O40: 2152826.8 | P40: 1800000 | Q40: 25012.857 | R40: 20913.5 | S40: 4613839.6 | T40: 3857682.8 | U40: 19.6 | V40: 22.43 | W40: 83.611
A41: TL Cinsi Kuponsuz Senetler | B41: 2022 | C41: TRB220223T13 | D41: 13.04.2022 | E41: 22.02.2023 | F41: 315 | I41: 3865028.3 | J41: 3234798.9 | K41: 2265028.3 | L41: 1898437 | M41: 119310.38 | N41: 99999.999 | O41: 1312414.2 | P41: 1100000 | Q41: 345248.25 | R41: 289369.82 | S41: 4042001.2 | T41: 3387806.9 | U41: 19.31 | V41: 22.63 | W41: 83.815
... A61: TL Cinsi Kuponsuz Senetler | B61: 2020 | C61: TRB091220T11 | D61: 27.05.2020 | E61: 09.12.2020 | F61: 196 | I61: 1867000 | J61: 1790414.6 | K61: 846000 | L61: 811529.74 | M61: 0 | N61: 0 | O61: 1042470.2 | P61: 1000000 | Q61: 27608.089 | R61: 26483.335 | S61: 1916078.3 | T61: 1838013.1 | U61: 4.25 | V61: 8.03 | W61: 95.926
A62: TL Cinsi Kuponsuz Senetler | B62: 2020 | C62: TRT090621T18 | D62: 10.06.2020 | E62: 09.06.2021 | F62: 364 | I62: 2260005.5 | J62: 2081744.5 | K62: 925000 | L62: 852900.45 | M62: 433815.95 | N62: 400000 | O62: 759177.92 | P62: 700000 | Q62: - | R62: - | S62: 2117993.9 | T62: 1952900.4 | U62: 8.45 | V62: 8.45 | W62: 92.205
A63: TL Cinsi Kuponsuz Senetler | B63: 2020 | C63: TRB091220T11 | D63: 17.06.2020 | E63: 09.12.2020 | F63: 175 | I63: 3202000 | J63: 3080920 | K63: 1018000 | L63: 980092.29 | M63: 0 | N63: 0 | O63: 1558020.7 | P63: 1500000 | Q63: - | R63: - | S63: 2576020.7 | T63: 2480092.3 | U63: 3.87 | V63: 8.21 | W63: 96.276
A64: TL Cinsi Kuponsuz Senetler | B64: 2020 | C64: TRT180821T15 | D64: 22.07.2020 | E64: 18.08.2021 | F64: 392 | I64: 2252055.6 | J64: 2039744.8 | K64: 602000 | L64: 545779.21 | M64: 0 | N64: 0 | O64: 1103010.1 | P64: 1000000 | Q64: 0 | R64: 0 | S64: 1705010.1 | T64: 1545779.2 | U64: 10.3 | V64: 9.53 | W64: 90.661
A65: TL Cinsi Kuponsuz Senetler | B65: 2019 | C65: TRT150120T32 | D65: 16.01.2019 | E65: 15.01.2020 | F65: 364 | I65: 600200 | J65: 502998.54 | K65: 380000 | L65: 319368.66 | M65: 856694.11 | N65: 720000 | O65: 956641.76 | P65: 804000 | Q65: 0 | R65: 0 | S65: 2193335.9 | T65: 1843368.7 | U65: 18.98 | V65: 18.98 | W65: 84.044
A66: TL Cinsi Kuponsuz Senetler | B66: 2019 | C66: TRT150120T32 | D66: 13.02.2019 | E66: 15.01.2020 | F66: 336 | I66: 888000 | J66: 753021.2 | K66: 618000 | L66: 525263.25 | M66: 1176553.6 | N66: 1000000 | O66: 1158905.3 | P66: 985000 | Q66: 0 | R66: 0 | S66: 2953459 | T66: 2510263.2 | U66: 17.66 | V66: 19.26 | W66: 84.994
A67: TL Cinsi Kuponsuz Senetler | B67: 2019 | C67: TRT111219T10 | D67: 20.03.2019 | E67: 11.12.2019 | F67: 266 | I67: 2052000 | J67: 1793960.8 | K67: 1117000 | L67: 977837.25 | M67: 721947.43 | N67: 632000 | O67: 1313670.2 | P67: 1150000 | Q67: 0 | R67: 0 | S67: 3152617.6 | T67: 2759837.2 | U67: 14.23 | V67: 19.97 | W67: 87.541
A68: TL Cinsi Kuponsuz Senetler | B68: 2019 | C68: TRT130520T14 | D68: 15.05.2019 | E68: 13.05.2020 | F68: 364 | I68: 6017001 | J68: 4750439.1 | K68: 3472000 | L68: 2753011.5 | M68: 1639509.7 | N68: 1300000 | O68: 3909600 | P68: 3100000 | Q68: 112181.1 | R68: 88950.639 | S68: 9133290.7 | T68: 7241962.1 | U68: 26.12 | V68: 26.12 | W68: 79.292
A69: TL Cinsi Kuponsuz Senetler | B69: 2019 | C69: TRT100620T16 | D69: 12.06.2019 | E69: 10.06.2020 | F69: 364 | I69: 4342285.3 | J69: 3484481.8 | K69: 2924259.3 | L69: 2349683.1 | M69: 1368993.5 | N69: 1100000 | O69: 2240171.2 | P69: 1800000 | Q69: 562555.1 | R69: 452018.65 | S69: 7095979.2 | T69: 5701701.8 | U69: 24.45 | V69: 24.45 | W69: 80.351
A70: TL Cinsi Kuponsuz Senetler | B70: 2019 | C70: TRT111219T10 | D70: 19.06.2019 | E70: 11.12.2019 | F70: 175 | I70: 2389000 | J70: 2150572 | K70: 739000 | L70: 667707.92 | M70: 0 | N70: 0 | O70: 1549478.2 | P70: 1400000 | Q70: 80821.249 | R70: 73024.423 | S70: 2369299.4 | T70: 2140732.3 | U70: 10.68 | V70: 23.49 | W70: 90.353
A71: TL Cinsi Kuponsuz Senetler | B71: 2019 | C71: TRT160920T25 | D71: 10.07.2019 | E71: 16.09.2020 | F71: 434 | I71: 8506000 | J71: 6792942.8 | K71: 6347000 | L71: 5076693.4 | M71: 1000175 | N71: 800000 | O71: 4813342.3 | P71: 3850000 | Q71: 573491.23 | R71: 458712.7 | S71: 12734009 | T71: 10185406 | U71: 25.02 | V71: 20.6 | W71: 79.986
A72: TL Cinsi Kuponsuz Senetler | B72: 2019 | C72: TRB091019T16 | D72: 10.07.2019 | E72: 09.10.2019 | F72: 91 | I72: 1756500 | J72: 1666887.5 | K72: 556500 | L72: 529237.99 | M72: 105151.37 | N72: 100000 | O72: 1535209.9 | P72: 1460000 | Q72: 0 | R72: 0 | S72: 2196861.3 | T72: 2089238 | U72: 5.15 | V72: 22.25 | W72: 95.101
A73: TL Cinsi Kuponsuz Senetler | B73: 2019 | C73: TRT160920T25 | D73: 21.08.2019 | E73: 16.09.2020 | F73: 392 | I73: 2324000 | J73: 1990493.1 | K73: 1215000 | L73: 1042332.3 | M73: 1631910.9 | N73: 1400000 | O73: 1165650.6 | P73: 1000000 | Q73: 0 | R73: 0 | S73: 4012561.5 | T73: 3442332.3 | U73: 16.57 | V73: 15.3 | W73: 85.789
A74: TL Cinsi Kuponsuz Senetler | B74: 2019 | C74: TRT071020T23 | D74: 18.09.2019 | E74: 07.10.2020 | F74: 385 | I74: 3190000 | J74: 2743995.9 | K74: 1328000 | L74: 1143638.6 | M74: 580605.45 | N74: 500000 | O74: 1277332 | P74: 1100000 | Q74: 600135.86 | R74: 516819 | S74: 3786073.3 | T74: 3260457.6 | U74: 16.12 | V74: 15.18 | W74: 86.117
A75: TL Cinsi Kuponsuz Senetler | B75: 2019 | C75: TRB220120T17 | D75: 23.10.2019 | E75: 22.01.2020 | F75: 91 | I75: 504000 | J75: 487226.38 | K75: 252000 | L75: 243878.96 | M75: 0 | N75: 0 | O75: 1136633.7 | P75: 1100000 | Q75: 20000 | R75: 19355.4 | S75: 1408633.7 | T75: 1363234.4 | U75: 3.33 | V75: 14 | W75: 96.777
... A119: TL Cinsi Kuponsuz Senetler | B119: 2014 | C119: TRT161215T19 | D119: 17.12.2014 | E119: 16.12.2015 | F119: 364 | I119: 1618610 | J119: 1484183.3 | K119: 388505 | L119: 357040.55 | M119: 488569.22 | N119: 449000 | O119: 309071.72 | P119: 284040 | Q119: 0 | R119: 0 | S119: 1186145.9 | T119: 1090080.5 | U119: 8.81 | V119: 8.81 | W119: 91.901
A120: TL Cinsi Kuponsuz Senetler | B120: 2013 | C120: TRT090414T19 | D120: nan | E120: nan | I120: 4346600 | J120: 4031774 | K120: 964500 | L120: 895708.91 | M120: 0 | N120: 0 | O120: 409290.61 | P120: 380100 | Q120: 186121.67 | R120: 172847.47 | S120: 1559912.3 | T120: 1448656.4 | U120: 7.68 | V120: 6.1963831 | W120: 92.868
A121: TL Cinsi Kuponsuz Senetler | B121: 2013 | C121: TRT090414T19 | D121: nan | E121: nan | I121: 2552700 | J121: 2391197.8 | K121: 696800 | L121: 653284.92 | M121: 0 | N121: 0 | O121: 656498.32 | P121: 615500 | Q121: 24000 | R121: 22501.2 | S121: 1377298.3 | T121: 1291286.1 | U121: 6.66 | V121: 5.7469951 | W121: 93.755
A122: TL Cinsi Kuponsuz Senetler | B122: 2013 | C122: TRT110614T13 | D122: nan | E122: nan | I122: 2467194.7 | J122: 2300587.1 | K122: 1202807 | L122: 1122177.9 | M122: 0 | N122: 0 | O122: 430024.55 | P122: 401200 | Q122: 95204.994 | R122: 88823.403 | S122: 1728036.5 | T122: 1612201.3 | U122: 7.19 | V122: 5.71 | W122: 93.297
A123: TL Cinsi Kuponsuz Senetler | B123: 2013 | C123: TRT110614T13 | D123: nan | E123: nan | I123: 2034900 | J123: 1884112.2 | K123: 1020400 | L123: 945511.45 | M123: 0 | N123: 0 | O123: 282319.42 | P123: 261600 | Q123: 152117.37 | R123: 140953.48 | S123: 1454836.8 | T123: 1348064.9 | U123: 7.92 | V123: 6.6 | W123: 92.661
A124: TL Cinsi Kuponsuz Senetler | B124: 2013 | C124: TRT060814T34 | D124: nan | E124: nan | I124: 2214300 | J124: 2080849.4 | K124: 490400 | L124: 461852.66 | M124: 0 | N124: 0 | O124: 258284.76 | P124: 243250 | Q124: 0 | R124: 0 | S124: 748684.76 | T124: 705102.66 | U124: 6.18 | V124: 5.07 | W124: 94.179
A125: TL Cinsi Kuponsuz Senetler | B125: 2013 | C125: TRT060814T34 | D125: nan | E125: nan | I125: 2794242.6 | J125: 2589807 | K125: 742325 | L125: 689193.37 | M125: 207877.82 | N125: 193000 | O125: 456027.92 | P125: 423390 | Q125: 0 | R125: 0 | S125: 1406230.7 | T125: 1305583.4 | U125: 7.71 | V125: 6.76 | W125: 92.843
A126: TL Cinsi Kuponsuz Senetler | B126: 2013 | C126: TRT060814T34 | D126: nan | E126: nan | I126: 920740.82 | J126: 843746.54 | K126: 269340.82 | L126: 247469.03 | M126: 0 | N126: 0 | O126: 209185.89 | P126: 192200 | Q126: 4003.09 | R126: 3678.0391 | S126: 482529.8 | T126: 443347.07 | U126: 8.84 | V126: 8.5 | W126: 91.88
A127: TL Cinsi Kuponsuz Senetler | B127: 2013 | C127: TRT191114T18 | D127: nan | E127: nan | I127: 1816642.7 | J127: 1609903.2 | K127: 499095.29 | L127: 443946.29 | M127: 562113.55 | N127: 500000 | O127: 292861.16 | P127: 260500 | Q127: 20001.483 | R127: 17791.319 | S127: 1374071.5 | T127: 1222237.6 | U127: 12.42 | V127: 9.98 | W127: 88.95
A128: TL Cinsi Kuponsuz Senetler | B128: 2013 | C128: TRT191114T18 | D128: nan | E128: nan | I128: 1336300 | J128: 1232811.5 | K128: 326600 | L128: 301674.09 | M128: 0 | N128: 0 | O128: 292525.55 | P128: 270200 | Q128: 45202.238 | R128: 41752.403 | S128: 664327.79 | T128: 613626.49 | U128: 8.26 | V128: 7.65 | W128: 92.368
A129: TL Cinsi Kuponsuz Senetler | B129: 2013 | C129: TRT191114T18 | D129: nan | E129: nan | I129: 1303410.8 | J129: 1193544.6 | K129: 495209.82 | L129: 454103.32 | M129: 0 | N129: 0 | O129: 589292.14 | P129: 540375 | Q129: 87609.858 | R129: 80337.364 | S129: 1172111.8 | T129: 1074815.7 | U129: 9.05 | V129: 8.87 | W129: 91.699
A130: TL Cinsi Kuponsuz Senetler | B130: 2012 | C130: TRT200313T16 | D130: nan | E130: nan | I130: 6925649.7 | J130: 6122636 | K130: 1890918.8 | L130: 1674083.6 | M130: 406628.04 | N130: 360000 | O130: 1893407 | P130: 1676290 | Q130: 359296.98 | R130: 318096.4 | S130: 4550250.8 | T130: 4028470 | U130: 12.95247 | V130: 10.940839 | W130: 88.533
A131: TL Cinsi Kuponsuz Senetler | B131: 2012 | C131: TRT200313T16 | D131: nan | E131: nan | I131: 3749649.1 | J131: 3395545.6 | K131: 1086000 | L131: 984238.74 | M131: 1103387.4 | N131: 1000000 | O131: 642171.47 | P131: 582000 | Q131: 226033.12 | R131: 204853.82 | S131: 3057592 | T131: 2771092.6 | U131: 10.34 | V131: 9.3917255 | W131: 90.63
... A167: TL Cinsi Kuponsuz Senetler | B167: 2010 | C167: TRB090311T13 | D167: nan | E167: nan | I167: 5761300 | J167: 5554906.5 | K167: 2010807.6 | L167: 1940000 | M167: 0 | N167: 0 | O167: 0 | P167: 0 | Q167: 0 | R167: 0 | S167: 2010807.6 | T167: 1940000 | U167: 3.6498742 | V167: 7.4329642 | W167: 96.479
A168: TL Cinsi Kuponsuz Senetler | B168: 2010 | C168: TRT250412T11 | D168: nan | E168: nan | I168: 6808287.2 | J168: 5988360.2 | K168: 2117000 | L168: 1863014.4 | M168: 0 | O168: 1989932.2 | P168: 1751200 | Q168: 256322.73 | R168: 225571.69 | S168: 4363254.9 | T168: 3839786.1 | U168: 13.633047 | V168: 8.1313861 | W168: 88.003
A169: TL Cinsi Kuponsuz Senetler | B169: 2010 | C169: TRT121011T19 | D169: nan | E169: nan | I169: 7837406.5 | J169: 7261133.1 | K169: 1410000 | L169: 1307560.8 | M169: 0 | N169: 0 | O169: 809510.97 | P169: 750700 | Q169: 324891.01 | R169: 301287.68 | S169: 2544402 | T169: 2359548.5 | U169: 7.8343737 | V169: 7.5325516 | W169: 92.735
A170: TL Cinsi Kuponsuz Senetler | B170: 2010 | C170: TRT080812T26 | D170: nan | E170: nan | I170: 6654814 | J170: 5834563.1 | K170: 2035600 | L170: 1787105.2 | M170: 341712.89 | N170: 300000 | O170: 1428975 | P170: 1254540 | Q170: 0 | R170: 0 | S170: 3806287.9 | T170: 3341645.2 | U170: 13.904877 | V170: 7.5511503 | W170: 87.793
A171: TL Cinsi Kuponsuz Senetler | B171: 2010 | C171: TRT080812T26 | D171: nan | E171: nan | I171: 3021214.3 | J171: 2653639.6 | K171: 2271092.6 | L171: 1995063.8 | M171: 1195273.5 | N171: 1050000 | O171: 1651469.6 | P171: 1450750 | Q171: 10000 | R171: 8784.6 | S171: 5127835.8 | T171: 4504598.4 | U171: 13.835588 | V171: 7.5992726 | W171: 87.846
A172: TL Cinsi Kuponsuz Senetler | B172: 2010 | C172: TRT121011T19 | D172: nan | E172: nan | I172: 621630 | J172: 583538.65 | K172: 212730 | L172: 199843.94 | M172: 0 | N172: 0 | O172: 487157.11 | P172: 457650 | Q172: 12000 | R172: 11273.16 | S172: 711887.11 | T172: 668767.1 | U172: 6.4480604 | V172: 7.3182081 | W172: 93.943
A173: TL Cinsi Kuponsuz Senetler | B173: 2010 | C173: TRT080812T26 | D173: nan | E173: nan | I173: 2151204 | J173: 1899984.6 | K173: 1502704 | L173: 1327666.3 | M173: 0 | N173: 0 | O173: 2589245.3 | P173: 2287650 | Q173: 386039.82 | R173: 341073.9 | S173: 4477989.1 | T173: 3956390.2 | U173: 13.18386 | V173: 7.6829779 | W173: 88.352
A174: TL Cinsi Kuponsuz Senetler | B174: 2009 | C174: TRB150709T15 | D174: nan | E174: nan | I174: 3263426.2 | J174: 3025742.7 | K174: 1069260.6 | L174: 992000 | M174: 0 | N174: 0 | O174: 0 | P174: 0 | Q174: 0 | R174: 0 | S174: 1069260.6 | T174: 992000 | U174: 7.7883643 | V174: 16.183315 | W174: 92.774
A175: TL Cinsi Kuponsuz Senetler | B175: 2009 | C175: TRT031110T10 | D175: nan | E175: nan | I175: 3644289.4 | J175: 2777339.3 | K175: 1796100.5 | L175: 1370133 | M175: 235960.36 | N175: 180000 | O175: 2369706.4 | P175: 1807706.8 | Q175: 207732.92 | R175: 158466.98 | S175: 4928039.9 | T175: 3759301.6 | U175: 31.089503 | V175: 16.15591 | W175: 76.284
A176: TL Cinsi Kuponsuz Senetler | B176: 2009 | C176: TRT030310T10 | D176: nan | E176: nan | I176: 4357713.1 | J176: 3753949.2 | K176: 2622011.7 | L176: 2260340.9 | M176: 0 | N176: 0 | O176: 3048233.3 | P176: 2627760 | Q176: 250490.16 | R176: 215937.55 | S176: 6152415 | T176: 5303760.3 | U176: 16.000721 | V176: 14.777392 | W176: 86.206
A177: TL Cinsi Kuponsuz Senetler | B177: 2009 | C177: TRT031110T10 | D177: nan | E177: nan | I177: 5241662.6 | J177: 4078160.7 | K177: 2626911.8 | L177: 2045236.8 | M177: 1862388.7 | N177: 1450000 | O177: 6063920.9 | P177: 4721186.9 | Q177: 427118.68 | R177: 332541.79 | S177: 11403921 | T177: 8878753.1 | U177: 28.44047 | V177: 15.37697 | W177: 77.857
A178: TL Cinsi Kuponsuz Senetler | B178: 2009 | C178: TRB190809T10 | D178: nan | E178: nan | I178: 5455440.6 | J178: 5087838 | K178: 3680995.6 | L178: 3443000 | M178: 0 | N178: 0 | O178: 0 | P178: 0 | Q178: 0 | R178: 0 | S178: 3680995.6 | T178: 3443000 | U178: 6.9124477 | V178: 14.302715 | W178: 93.534
A179: TL Cinsi Kuponsuz Senetler | B179: 2009 | C179: TRB090909T11 | D179: nan | E179: nan | I179: 1796807.1 | J179: 1687152.3 | K179: 655104.6 | L179: 616000 | M179: 0 | N179: 0 | O179: 0 | P179: 0 | Q179: 0 | R179: 0 | S179: 655104.6 | T179: 616000 | U179: 6.3481495 | V179: 13.099289 | W179: 94.031
A180: TL Cinsi Kuponsuz Senetler | B180: 2009 | C180: TRT030310T10 | D180: nan | E180: nan | I180: 5726774.7 | J180: 5009867.2 | K180: 1618752.9 | L180: 1416960 | M180: 514085.96 | N180: 450000 | O180: 1162268.4 | P180: 1017380 | Q180: 138928.29 | R180: 121609.49 | S180: 3717222.3 | T180: 3253834.3 | U180: 14.241252 | V180: 14.539884 | W180: 87.534
... A189: TL Cinsi Kuponsuz Senetler | B189: 2009 | C189: TRB170210T15 | D189: nan | E189: nan | I189: 7069485.9 | J189: 6774250.9 | K189: 3647706.3 | L189: 3498000 | M189: 0 | N189: 0 | O189: 0 | P189: 0 | Q189: 0 | R189: 0 | S189: 3647706.3 | T189: 3498000 | U189: 4.2797695 | V189: 8.7427033 | W189: 95.896
A190: TL Cinsi Kuponsuz Senetler | B190: 2009 | C190: TRB100310T11 | D190: nan | E190: nan | I190: 1940891 | J190: 1863487.2 | K190: 799632.97 | L190: 768000 | M190: 0 | N190: 0 | O190: 0 | P190: 0 | R190: 0 | S190: 799632.97 | T190: 768000 | U190: 4.1188758 | V190: 8.407403 | W190: 96.044
A191: TL Cinsi Kuponsuz Senetler | B191: 2009 | C191: TRT110511T17 | D191: nan | E191: nan | I191: 2406854.2 | J191: 2069806.6 | K191: 963654.18 | L191: 829343.91 | M191: 174292.95 | N191: 150000 | O191: 1322372.2 | P191: 1138060 | Q191: 0 | R191: 0 | S191: 2646362.2 | T191: 2277516.1 | U191: 16.194762 | V191: 9.3760843 | W191: 86.062
A192: TL Cinsi Kuponsuz Senetler | B192: 2009 | C192: TRT081210T14 | D192: nan | E192: nan | I192: 6322701 | J192: 5802601.2 | K192: 2425000 | L192: 2230756.2 | M192: 217414.94 | N192: 200000 | O192: 2608461.6 | P192: 2399523.9 | Q192: 0 | R192: 0 | S192: 5250876.6 | T192: 4830280.1 | U192: 8.7075316 | V192: 7.3766505 | W192: 91.99
A193: TL Cinsi Kuponsuz Senetler | B193: 2009 | C193: TRT030811T14 | D193: nan | E193: nan | I193: 1750912.2 | J193: 1527018.4 | K193: 1107412.2 | L193: 966697.96 | M193: 0 | N193: 0 | O193: 3439777.5 | P193: 3002685 | Q193: 0 | R193: 0 | S193: 4547189.7 | T193: 3969383 | U193: 14.556176 | V193: 7.7221142 | W193: 87.293
A194: TL Cinsi Kuponsuz Senetler | B194: 2009 | C194: TRT081210T14 | D194: nan | E194: nan | I194: 4066674 | J194: 3739514.2 | K194: 1130674 | L194: 1040701.3 | M194: 0 | N194: 0 | O194: 1845740.6 | P194: 1698875 | Q194: 0 | R194: 0 | S194: 3015615.8 | T194: 2775658.3 | U194: 8.6453931 | V194: 8.1551147 | W194: 92.043
A195: TL Cinsi Kuponsuz Senetler | B195: 2009 | C195: TRT030811T14 | D195: nan | E195: nan | I195: 8670670.4 | J195: 7501977.5 | K195: 2405000 | L195: 2083148.9 | M195: 525301.04 | N195: 455000 | O195: 1328838.4 | P195: 1151000 | Q195: 0 | R195: 0 | S195: 4519199.5 | T195: 3914405.1 | U195: 15.450221 | V195: 8.7565368 | W195: 86.617
A196: TL Cinsi Kuponsuz Senetler | B196: 2009 | C196: TRT030811T14 | D196: nan | E196: nan | I196: 3094745.4 | J196: 2681375 | K196: 1018594.3 | L196: 883240.12 | M196: 57662.146 | N196: 50000 | O196: 664267.92 | P196: 576000 | Q196: 0 | R196: 0 | S196: 1790024.3 | T196: 1552162.6 | U196: 15.324729 | V196: 9.0037596 | W196: 86.712
A197: TL Cinsi Kuponsuz Senetler | B197: 2008 | C197: TRB020408T14 | D197: nan | E197: nan | I197: 1405916.3 | J197: 1353374.4 | K197: 664606.28 | L197: 640000 | M197: 0 | N197: 0 | O197: 0 | P197: 0 | Q197: 0 | R197: 0 | S197: 664606.28 | T197: 640000 | U197: 3.8447311 | V197: 16.288793 | W197: 96.298
A198: TL Cinsi Kuponsuz Senetler | B198: 2008 | C198: TRB160708T15 | D198: nan | E198: nan | I198: 3308987.8 | J198: 3067238.2 | K198: 1036414.4 | L198: 961000 | M198: 0 | N198: 0 | O198: 0 | P198: 0 | Q198: 0 | R198: 0 | S198: 1036414.4 | T198: 961000 | U198: 7.8474898 | V198: 16.310811 | W198: 92.724
A199: TL Cinsi Kuponsuz Senetler | B199: 2008 | C199: TRT071009T51 | D199: nan | E199: nan | I199: 5872876.5 | J199: 4525000.9 | K199: 2157000 | L199: 1663362.7 | M199: 661349.93 | N199: 510000 | O199: 1622330.3 | P199: 1251060 | Q199: 0 | R199: 0 | S199: 4440680.2 | T199: 3424422.7 | U199: 29.67707 | V199: 16.200994 | W199: 77.115
A200: TL Cinsi Kuponsuz Senetler | B200: 2008 | C200: TRB200808T18 | D200: nan | E200: nan | I200: 2701960.3 | J200: 2499032 | K200: 989013.2 | L200: 915000 | M200: 0 | N200: 0 | O200: 0 | P200: 0 | Q200: 0 | R200: 0 | S200: 989013.31 | T200: 915000 | U200: 8.0888746 | V200: 16.832048 | W200: 92.516
A201: TL Cinsi Kuponsuz Senetler | B201: 2008 | C201: TRT071009T51 | D201: nan | E201: nan | I201: 3258996 | J201: 2530248.1 | K201: 834551.95 | L201: 648637.79 | M201: 771972.26 | N201: 600000 | O201: 1163758 | P201: 904507.6 | Q201: 97669.638 | R201: 75911.773 | S201: 2867951.8 | T201: 2229057.2 | U201: 28.66225 | V201: 16.669771 | W201: 77.723
A202: TL Cinsi Kuponsuz Senetler | B202: 2008 | C202: TRB100908T19 | D202: nan | E202: nan | I202: 1556205.2 | J202: 1437467.5 | K202: 899452.58 | L202: 831000 | M202: 0 | N202: 0 | O202: 0 | P202: 0 | Q202: 0 | R202: 0 | S202: 899452.58 | T202: 831000 | U202: 8.2373745 | V202: 17.153292 | W202: 92.39
... A297: TL Cinsi Kuponsuz Senetler | B297: 2005 | C297: TRB050406T13 | D297: nan | E297: nan | I297: 1587364.3 | J297: 1412960 | K297: 452764.92 | L297: 403349.26 | M297: 78575.758 | N297: 70000 | O297: 1184018.8 | P297: 1054795 | Q297: 0 | R297: 0 | S297: 1738959.7 | T297: 1549168.8 | U297: 12.251333 | V297: 16.211461 | W297: 89.086
A298: TL Cinsi Kuponsuz Senetler | B298: 2005 | C298: TRB050406T13 | D298: nan | E298: nan | I298: 1376895.4 | J298: 1230060.9 | K298: 987300.31 | L298: 882249.89 | M298: 33572.068 | N298: 30000 | O298: 748247.54 | P298: 668634 | R298: 0 | S298: 1875959.9 | T298: 1676356.1 | U298: 11.907104 | V298: 16.183256 | W298: 89.36
A299: TL Cinsi Kuponsuz Senetler | B299: 2005 | C299: TRT240107T12 | D299: nan | E299: nan | I299: 3282281.7 | J299: 2604122.9 | K299: 1533013.7 | L299: 1217127.8 | M299: 1536640 | N299: 1220000 | O299: 813702.07 | P299: 646030.62 | Q299: 810.023 | R299: 643.10966 | S299: 3956813.3 | T299: 3141479.3 | U299: 25.953385 | V299: 15.966419 | W299: 79.394
A300: TL Cinsi Kuponsuz Senetler | B300: 2005 | C300: TRB191005T10 | D300: nan | E300: nan | I300: 3174877.1 | J300: 3064358.3 | K300: 2386744 | L300: 2304000 | M300: 0 | N300: 0 | O300: 0 | P300: 0 | Q300: 0 | R300: 0 | S300: 2386744 | T300: 2304000 | U300: 3.5913201 | V300: 15.157829 | W300: 96.533
A301: TL Cinsi Kuponsuz Senetler | B301: 2005 | C301: TRB030506T14 | D301: nan | E301: nan | I301: 1591036 | J301: 1415054.1 | K301: 1100278.3 | L301: 978786.39 | M301: 53958.047 | N301: 47999.999 | O301: 826674.71 | P301: 735393.29 | Q301: 28438.298 | R301: 25298.141 | S301: 2038625.8 | T301: 1813521.6 | U301: 12.412505 | V301: 16.428422 | W301: 88.958
A302: TL Cinsi Kuponsuz Senetler | B302: 2005 | C302: TRT070307T11 | D302: nan | E302: nan | I302: 3484634.6 | J302: 2725982.2 | K302: 1405860.1 | L302: 1100673.1 | M302: 403617.23 | N302: 316000 | O302: 2233159.9 | P302: 1748385.5 | Q302: 176928.7 | R302: 138521.02 | S302: 4466902.5 | T302: 3497224.4 | U302: 27.727304 | V302: 16.357585 | W302: 78.292
A303: TL Cinsi Kuponsuz Senetler | B303: 2005 | C303: TRT070307T11 | D303: nan | E303: nan | I303: 2510033.1 | J303: 1980547.8 | K303: 766519.62 | L303: 605777.25 | M303: 0 | N303: 0 | O303: 948304.54 | P303: 749445.07 | Q303: 82133.819 | R303: 64910.357 | S303: 1796958 | T303: 1420132.7 | U303: 26.534897 | V303: 16.095744 | W303: 79.03
A304: TL Cinsi Kuponsuz Senetler | B304: 2005 | C304: TRB220206T14 | D304: nan | E304: nan | I304: 3399970.6 | J304: 3157863.9 | K304: 2277511 | L304: 2116000 | M304: 0 | N304: 0 | O304: 0 | P304: 0 | Q304: 0 | R304: 0 | S304: 2277511 | T304: 2116000 | U304: 7.6328475 | V304: 15.848299 | W304: 92.908
A305: TL Cinsi Kuponsuz Senetler | B305: 2005 | C305: TRT070307T11 | D305: nan | E305: nan | I305: 3755066.1 | J305: 2975010.3 | K305: 1525885.1 | L305: 1209826.1 | M305: 0 | N305: 0 | O305: 821959.46 | P305: 651707 | Q305: 109481.9 | R305: 86804.91 | S305: 2457326.5 | T305: 1948338 | U305: 26.124339 | V305: 16.283819 | W305: 79.287
A306: TL Cinsi Kuponsuz Senetler | B306: 2005 | C306: TRB141205T13 | D306: nan | E306: nan | I306: 1499924.3 | J306: 1450751.7 | K306: 1312872.7 | L306: 1270000 | M306: 0 | N306: 0 | O306: 0 | P306: 0 | Q306: 0 | R306: 0 | S306: 1312872.7 | T306: 1270000 | U306: 3.3758014 | V306: 14.202486 | W306: 96.734
A307: TL Cinsi Kuponsuz Senetler | B307: 2005 | C307: TRT090507T17 | D307: nan | E307: nan | I307: 3594532.6 | J307: 2862699.4 | K307: 1201854.8 | L307: 958173.43 | M307: 440012.54 | N307: 350800 | O307: 2961637.1 | P307: 2361165.2 | Q307: 3135.779 | R307: 2499.9998 | S307: 4606640.3 | T307: 3672638.6 | U307: 25.431868 | V307: 15.058622 | W307: 79.725
...

Sheet TL Cinsi TUFE Endeksli Senetler
A1: Genel Bilgiler | I1: Teklif Edilen Tutar | K1: İhale Kabul Edilen Tutar | M1: Rek. Olmayan Teklif - Kamu | O1: Rek. Olmayan Teklif - Piyasa Yapıcı | Q1: İhale Sonrası Satış | S1: Toplam Satış | U1: Kabul Edilen Faiz (%) | W1: Fiyat
A2: Senet Türü | B2: Yıl | C2: ISIN Kodu | D2: Valör Tarihi | E2: İtfa Tarihi | F2: Vade (Gün) | G2: Kupon Dönemi | H2: Kupon Oranı (%) | I2: Nominal (Bin TL) | J2: Net (Bin TL) | K2: Nominal (Bin TL) | L2: Net (Bin TL) | M2: Nominal (Bin TL) | N2: Net (Bin TL) | O2: Nominal (Bin TL) | P2: Net (Bin TL) | Q2: Nominal (Bin TL) | R2: Net (Bin TL) | S2: Nominal (Bin TL) | T2: Net (Bin TL) | U2: Ort. Dönem (Basit) | V2: Ort. Yıllık Bileşik | W2: İhraç Birim Fiyatı (Ort.)
A3: TL Cinsi TUFE Endeksli Senetler | B3: 2026 | C3: TRT080131T12 | D3: 14.01.2026 | E3: 08.01.2031 | F3: 1820 | G3: 6 ay | H3: 2.65 | I3: 7111000 | J3: 6889380.8 | K3: 650000 | L3: 650109 | M3: 19996601 | N3: 20000000 | O3: 1999660.1 | P3: 2000000 | Q3: 0 | R3: 0 | S3: 22646261 | T3: 22650109 | U3: 2.65 | V3: 5.37 | W3: 100.017
A4: TL Cinsi TUFE Endeksli Senetler | B4: 2026 | C4: TRT080131T12 | D4: 18.02.2026 | E4: 08.01.2031 | F4: 1785 | G4: 6 ay | H4: 2.65 | I4: 6209675 | J4: 6249049.2 | K4: 4320175 | L4: 4386747 | M4: 7386179 | N4: 7500000 | O4: 837100.28 | P4: 850000 | Q4: 2992492.1 | R4: 3038606.4 | S4: 15535946 | T4: 15775353 | U4: 2.65 | V4: 5.37 | W4: 101.541
A5: TL Cinsi TUFE Endeksli Senetler | B5: 2026 | C5: TRT080131T12 | D5: 11.03.2026 | E5: 08.01.2031 | F5: 1764 | G5: 6 ay | H5: 2.65 | I5: 9650000 | J5: 10041330 | K5: 6250000 | L5: 6524546.5 | M5: 4789593.2 | N5: 5000000 | O5: 1436877.9 | P5: 1500000 | Q5: 1326717.3 | R5: 1385000 | S5: 13803188 | T5: 14409546 | U5: 2.58 | V5: 5.23 | W5: 104.393
A6: TL Cinsi TUFE Endeksli Senetler | B6: 2026 | C6: TRT080131T12 | D6: 08.04.2026 | E6: 08.01.2031 | F6: 1736 | G6: 6 ay | H6: 2.65 | I6: 9010000 | J6: 9727906.1 | K6: 6950000 | L6: 7540993.7 | M6: 4608125 | N6: 5000000 | O6: 2488387.5 | P6: 2700000 | Q6: 480000 | R6: 520819.2 | S6: 14526513 | T6: 15761813 | U6: 2.63 | V6: 5.33 | W6: 108.504
A7: TL Cinsi TUFE Endeksli Senetler | B7: 2026 | C7: TRT080530T27 | D7: 13.05.2026 | E7: 08.05.2030 | F7: 1456 | G7: 6 ay | H7: 2.63 | I7: 5130000 | J7: 5080404.7 | K7: 3630000 | L7: 3610525.7 | M7: 2010777.8 | N7: 2000000 | O7: 2714550 | P7: 2700000 | Q7: 0 | R7: 0 | S7: 8355327.8 | T7: 8310525.7 | U7: 2.71 | V7: 5.48 | W7: 99.464
A8: TL Cinsi TUFE Endeksli Senetler | B8: 2026 | C8: TRT080530T27 | D8: 10.06.2026 | E8: 08.05.2030 | F8: 1428 | G8: 6 ay | H8: 2.63 | I8: 8715000 | J8: 8855818.2 | K8: 6465000 | L8: 6585798.7 | M8: 3926611.6 | N8: 4000000 | O8: 2552297.6 | P8: 2600000 | Q8: 0 | R8: 0 | S8: 12943909 | T8: 13185799 | U8: 2.77 | V8: 5.61 | W8: 101.869
A9: TL Cinsi TUFE Endeksli Senetler | B9: 2026 | C9: TRT080530T27 | D9: 19.08.2026 | E9: 08.05.2030 | F9: 1358 | G9: 6 ay | H9: 2.63 | I9: 640150 | J9: 682608.5 | K9: 190000 | L9: 204458.25 | M9: 3717126.7 | N9: 4000000 | O9: 418176.75 | P9: 450000 | Q9: 0 | R9: 0 | S9: 4325303.4 | T9: 4654458.2 | U9: 2.87 | V9: 5.83 | W9: 107.61
A10: TL Cinsi TUFE Endeksli Senetler | B10: 2025 | C10: TRT151227T16 | D10: 22.01.2025 | E10: 15.12.2027 | F10: 1057 | G10: 6 ay | H10: 1.5 | I10: 8652000 | J10: 8308408 | K10: 5975000 | L10: 5810790 | M10: 6272364.6 | N10: 6100000 | O10: 2056513 | P10: 2000000 | Q10: 0 | R10: 0 | S10: 14303878 | T10: 13910790 | U10: 2.57 | V10: 5.2 | W10: 97.252
A11: TL Cinsi TUFE Endeksli Senetler | B11: 2025 | C11: TRT151227T16 | D11: 19.02.2025 | E11: 15.12.2027 | F11: 1029 | G11: 6 ay | H11: 1.5 | I11: 12903000 | J11: 12661178 | K11: 5363000 | L11: 5306982.8 | M11: 13177707 | N11: 13040000 | O11: 3031681.1 | P11: 3000000 | Q11: 2213484.9 | R11: 2190354 | S11: 23785873 | T11: 23537337 | U11: 2.57 | V11: 5.21 | W11: 98.955
A12: TL Cinsi TUFE Endeksli Senetler | B12: 2025 | C12: TRT151227T16 | D12: 19.03.2025 | E12: 15.12.2027 | F12: 1001 | G12: 6 ay | H12: 1.5 | I12: 14209000 | J12: 14439628 | K12: 5755000 | L12: 5910286.3 | M12: 7327309.2 | N12: 7525000 | O12: 3894915.2 | P12: 4000000 | Q12: 0 | R12: 0 | S12: 16977224 | T12: 17435286 | U12: 2.56 | V12: 5.18 | W12: 102.698
A13: TL Cinsi TUFE Endeksli Senetler | B13: 2025 | C13: TRT110429T18 | D13: 16.04.2025 | E13: 11.04.2029 | F13: 1456 | G13: 6 ay | H13: 2.5 | I13: 12105000 | J13: 11798996 | K13: 6845000 | L13: 6878188.4 | M13: 34831069 | N13: 35000000 | O13: 4975867 | P13: 5000000 | Q13: 0 | R13: 0 | S13: 46651936 | T13: 46878188 | U13: 2.43 | V13: 4.92 | W13: 100.485
A14: TL Cinsi TUFE Endeksli Senetler | B14: 2025 | C14: TRT110429T18 | D14: 14.05.2025 | E14: 11.04.2029 | F14: 1428 | G14: 6 ay | H14: 2.5 | I14: 6869000 | J14: 6824630.5 | K14: 880000 | L14: 886977 | M14: 6448860.5 | N14: 6500000 | O14: 1488198.6 | P14: 1500000 | Q14: 0 | R14: 0 | S14: 8817059.1 | T14: 8886977 | U14: 2.75 | V14: 5.57 | W14: 100.793
... A117: TL Cinsi TUFE Endeksli Senetler | B117: 2014 | C117: TRT180924T11 | D117: 01.10.2014 | E117: 18.09.2024 | F117: 3640 | G117: 6 Ay | H117: 1 | I117: 3413017.1 | J117: 3371811.2 | K117: 1656017.1 | L117: 1646299.9 | M117: 0 | N117: 0 | O117: 884622.74 | P117: 879430 | Q117: 100366.15 | R117: 99777 | S117: 2641006 | T117: 2625506.9 | U117: 1.03 | V117: 2.08 | W117: 99.25
A118: TL Cinsi TUFE Endeksli Senetler | B118: 2013 | C118: TRT261022T10 | D118: nan | E118: nan | I118: 3477320.7 | J118: 3776812.5 | K118: 1022000 | L118: 1118681.2 | M118: 548145.44 | N118: 600000 | O118: 324940.62 | P118: 355680 | Q118: 235250.84 | R118: 257505.57 | S118: 2130336.9 | T118: 2331866.8 | U118: 0.68 | V118: 1.36 | W118: 109.46
A119: TL Cinsi TUFE Endeksli Senetler | B119: 2013 | C119: TRT261022T10 | D119: nan | E119: nan | I119: 3232102.5 | J119: 3645041.3 | K119: 760000 | L119: 864831 | M119: 1417034.3 | N119: 1612500 | O119: 314535.04 | P119: 357922 | Q119: 120150.1 | R119: 136723.6 | S119: 2611719.4 | T119: 2971976.6 | U119: 0.5 | V119: 1.01 | W119: 113.794
A120: TL Cinsi TUFE Endeksli Senetler | B120: 2013 | C120: TRT261022T10 | D120: nan | E120: nan | I120: 3308900 | J120: 3806219.1 | K120: 852600 | L120: 991227 | M120: 967667.02 | N120: 1125000 | O120: 309588.94 | P120: 359925 | Q120: 111956.21 | R120: 130159.17 | S120: 2241812.2 | T120: 2606311.2 | U120: 0.48 | V120: 0.96 | W120: 116.259
A121: TL Cinsi TUFE Endeksli Senetler | B121: 2013 | C121: TRT030523T13 | D121: nan | E121: nan | I121: 4666810 | J121: 4672410.4 | K121: 998000 | L121: 1004022.9 | M121: 993996.26 | N121: 1000000 | O121: 562303.69 | P121: 565700 | Q121: 0 | R121: 0 | S121: 2554299.9 | T121: 2569722.9 | U121: 0.47 | V121: 0.94 | W121: 100.604
A122: TL Cinsi TUFE Endeksli Senetler | B122: 2013 | C122: TRT030523T13 | D122: nan | E122: nan | I122: 1338400 | J122: 1116763.1 | K122: 922100 | L122: 776867.71 | M122: 130563.8 | N122: 110000 | O122: 1627062.3 | P122: 1370800 | Q122: 0 | R122: 0 | S122: 2679726.1 | T122: 2257667.7 | U122: 1.47 | V122: 2.95 | W122: 84.25
A123: TL Cinsi TUFE Endeksli Senetler | B123: 2013 | C123: TRT030523T13 | D123: nan | E123: nan | I123: 4009881 | J123: 3260990.3 | K123: 1747600 | L123: 1442273.3 | M123: 575555.26 | N123: 475000 | O123: 1335966.8 | P123: 1102560 | Q123: 258513.15 | R123: 213348.32 | S123: 3917635.2 | T123: 3233181.7 | U123: 1.59 | V123: 3.22 | W123: 82.529
A124: TL Cinsi TUFE Endeksli Senetler | B124: 2013 | C124: TRT020823T11 | D124: nan | E124: nan | I124: 3994101 | J124: 3986338.9 | K124: 2258300 | L124: 2270113.5 | M124: 119375.67 | N124: 120000 | O124: 1342379.4 | P124: 1349400 | Q124: 30107.517 | R124: 30264.979 | S124: 3750162.5 | T124: 3769778.5 | U124: 1.47 | V124: 2.96 | W124: 100.523
A125: TL Cinsi TUFE Endeksli Senetler | B125: 2013 | C125: TRT020823T11 | D125: nan | E125: nan | I125: 2297120 | J125: 2192548.7 | K125: 1419220 | L125: 1364949.2 | M125: 93994.344 | N125: 90400 | O125: 975919.15 | P125: 938600 | Q125: 227253.31 | R125: 218563.14 | S125: 2716386.8 | T125: 2612512.3 | U125: 1.78 | V125: 3.58 | W125: 96.176
A126: TL Cinsi TUFE Endeksli Senetler | B126: 2013 | C126: TRT020823T11 | D126: nan | E126: nan | I126: 2571100 | J126: 2599931.5 | K126: 755900 | L126: 768646.31 | M126: 355997.88 | N126: 362000 | O126: 733896.5 | P126: 746270 | Q126: 164749.59 | R126: 167527.27 | S126: 2010544 | T126: 2044443.6 | U126: 1.47 | V126: 2.96 | W126: 101.686
A127: TL Cinsi TUFE Endeksli Senetler | B127: 2013 | C127: TRT081123T10 | D127: nan | E127: nan | I127: 5195783.7 | J127: 5243251.7 | K127: 1034500 | L127: 1054102.5 | M127: 785121.94 | N127: 800000 | O127: 557722.89 | P127: 568291.74 | Q127: 126236.04 | R127: 128628.22 | S127: 2503580.9 | T127: 2551022.5 | U127: 1.29 | V127: 2.6 | W127: 101.895
A128: TL Cinsi TUFE Endeksli Senetler | B128: 2012 | C128: TRT210721T11 | D128: nan | E128: nan | I128: 2785600 | J128: 2650620.7 | K128: 1755100 | L128: 1685359.9 | M128: 0 | N128: 0 | O128: 555055.53 | P128: 533000 | Q128: 0 | R128: 0 | S128: 2310155.5 | T128: 2218359.9 | U128: 2.08 | V128: 4.203264 | W128: 96.026429
A129: TL Cinsi TUFE Endeksli Senetler | B129: 2012 | C129: TRT210721T11 | D129: nan | E129: nan | I129: 5381069.7 | J129: 5309007.8 | K129: 1597000 | L129: 1586449.7 | M129: 1258317.5 | N129: 1250000 | O129: 740003.93 | P129: 735112.5 | Q129: 399300 | R129: 396660.63 | S129: 3994621.4 | T129: 3968222.9 | U129: 1.85 | V129: 3.73 | W129: 99.339
... A161: TL Cinsi TUFE Endeksli Senetler | B161: 1999 | C161: TRT090800T11 | D161: nan | E161: nan | I161: 28707 | J161: 2880.8852 | K161: 2880.8852 | L161: 2761.5599 | M161: 0 | N161: 0 | O161: 0 | P161: 0 | Q161: 0 | R161: 0 | S161: 2880.8852 | T161: 2761.5599 | U161: 29.045 | V161: 24.36 | W161: 95.858
A162: TL Cinsi TUFE Endeksli Senetler | B162: 1998 | C162: TRT220199T13 | D162: nan | E162: nan | I162: 319631.41 | L162: 95125 | M162: 0 | N162: 0 | O162: 0 | P162: 0 | Q162: 0 | R162: 0 | T162: 102946 | U162: 18.9
A163: TL Cinsi TUFE Endeksli Senetler | B163: 1998 | C163: TRT240299T10 | D163: nan | E163: nan | I163: 141630 | L163: 123430 | M163: 0 | N163: 0 | O163: 0 | P163: 0 | Q163: 0 | R163: 0 | T163: 133430 | U163: 30.95
A164: TL Cinsi TUFE Endeksli Senetler | B164: 1998 | C164: TRT250399T18 | D164: nan | E164: nan | I164: 241573 | L164: 95986 | M164: 0 | N164: 0 | O164: 0 | P164: 0 | Q164: 0 | R164: 0 | T164: 95986 | U164: 24
A165: TL Cinsi TUFE Endeksli Senetler | B165: 1998 | C165: TRT210499T11 | D165: nan | E165: nan | I165: 248473 | L165: 142730 | M165: 0 | N165: 0 | O165: 0 | P165: 0 | Q165: 0 | R165: 0 | T165: 245250 | U165: 19
A166: TL Cinsi TUFE Endeksli Senetler | B166: 1998 | C166: TRT260599T15 | D166: nan | E166: nan | I166: 190611 | L166: 129111 | M166: 0 | N166: 0 | O166: 0 | P166: 0 | Q166: 0 | R166: 0 | T166: 138301 | U166: 23
A167: TL Cinsi TUFE Endeksli Senetler | B167: 1998 | C167: TRT160699T16 | D167: nan | E167: nan | I167: 290177 | L167: 244327 | M167: 0 | N167: 0 | O167: 0 | P167: 0 | Q167: 0 | R167: 0 | T167: 244327 | U167: 25
A168: TL Cinsi TUFE Endeksli Senetler | B168: 1998 | C168: TRT280799T11 | D168: nan | E168: nan | I168: 458871.5 | L168: 156342.5 | M168: 0 | N168: 0 | O168: 0 | P168: 0 | Q168: 0 | R168: 0 | T168: 164302.5 | U168: 23
A169: TL Cinsi TUFE Endeksli Senetler | B169: 1998 | C169: TRT180899T12 | D169: nan | E169: nan | I169: 230026 | L169: 174376 | M169: 0 | N169: 0 | O169: 0 | P169: 0 | Q169: 0 | R169: 0 | T169: 184315 | U169: 30
A170: TL Cinsi TUFE Endeksli Senetler | B170: 1998 | C170: TRT290999T18 | D170: nan | E170: nan | I170: 39655.3 | L170: 3523.5 | M170: 0 | N170: 0 | O170: 0 | P170: 0 | Q170: 0 | R170: 0 | T170: 58123.5 | U170: 30

Sheet TL Cinsi Sabit Faizli Kuponlu S
A1: Genel Bilgiler | I1: Teklif Edilen Tutar | K1: İhale Kabul Edilen Tutar | M1: Rek. Olmayan Teklif - Kamu | O1: Rek. Olmayan Teklif - Piyasa Yapıcı | Q1: İhale Sonrası Satış | S1: Toplam Satış | U1: Kabul Edilen Faiz (%) | W1: Fiyat
A2: Senet Türü | B2: Yıl | C2: ISIN Kodu | D2: Valör Tarihi | E2: İtfa Tarihi | F2: Vade (Gün) | G2: Kupon Dönemi | H2: Kupon Oranı (%) | I2: Nominal (Bin TL) | J2: Net (Bin TL) | K2: Nominal (Bin TL) | L2: Net (Bin TL) | M2: Nominal (Bin TL) | N2: Net (Bin TL) | O2: Nominal (Bin TL) | P2: Net (Bin TL) | Q2: Nominal (Bin TL) | R2: Net (Bin TL) | S2: Nominal (Bin TL) | T2: Net (Bin TL) | U2: Ort. Dönem (Basit) | V2: Ort. Yıllık Bileşik | W2: İhraç Birim Fiyatı (Ort.)
A3: TL Cinsi Sabit Faizli Kuponlu Senetler | B3: 2026 | C3: TRT021030T18 | D3: 07.01.2026 | E3: 02.10.2030 | F3: 1729 | G3: 6 ay | H3: 16.95 | I3: 76529000 | J3: 88865363 | K3: 29759000 | L3: 34655707 | M3: 11180284 | N3: 13020000 | O3: 20179468 | P3: 23500000 | Q3: 200000 | R3: 232910 | S3: 61318753 | T3: 71408617 | U3: 15.24 | V3: 32.81 | W3: 116.455
A4: TL Cinsi Sabit Faizli Kuponlu Senetler | B4: 2026 | C4: TRT131027T36 | D4: 14.01.2026 | E4: 13.10.2027 | F4: 637 | G4: 6 ay | H4: 18.39 | I4: 70739000 | J4: 79312788 | K4: 22932000 | L4: 25754355 | M4: 8815122.8 | N4: 9900000 | O4: 17808329 | P4: 20000000 | Q4: 3635852.4 | R4: 4083316.7 | S4: 53191304 | T4: 59737671 | U4: 16.99 | V4: 36.87 | W4: 112.307
A5: TL Cinsi Sabit Faizli Kuponlu Senetler | B5: 2026 | C5: TRT050935T13 | D5: 14.01.2026 | E5: 05.09.2035 | F5: 3521 | G5: 6 ay | H5: 15.03 | I5: 11436000 | J5: 13549313 | K5: 5696000 | L5: 6783145.3 | M5: 0 | N5: 0 | O5: 7137698.8 | P5: 8500000 | Q5: 0 | R5: 0 | S5: 12833699 | T5: 15283145 | U5: 13.62 | V5: 29.09 | W5: 119.086
A6: TL Cinsi Sabit Faizli Kuponlu Senetler | B6: 2026 | C6: TRT021030T18 | D6: 11.02.2026 | E6: 02.10.2030 | F6: 1694 | G6: 6 ay | H6: 16.95 | I6: 31945100 | J6: 38145378 | K6: 17956000 | L6: 21469054 | M6: 4181825.8 | N6: 5000000 | O6: 14636390 | P6: 17500000 | Q6: 0 | R6: 0 | S6: 36774216 | T6: 43969054 | U6: 15.27 | V6: 32.86 | W6: 119.565
A7: TL Cinsi Sabit Faizli Kuponlu Senetler | B7: 2026 | C7: TRT131027T36 | D7: 18.02.2026 | E7: 13.10.2027 | F7: 602 | G7: 6 ay | H7: 18.39 | I7: 71691670 | J7: 83453152 | K7: 26782000 | L7: 31232782 | M7: 15460602 | N7: 18030000 | O7: 15434878 | P7: 18000000 | Q7: 11215247 | R7: 13079109 | S7: 68892727 | T7: 80341891 | U7: 16.64 | V7: 36.05 | W7: 116.619
A8: TL Cinsi Sabit Faizli Kuponlu Senetler | B8: 2026 | C8: TRT021030T18 | D8: 18.03.2026 | E8: 02.10.2030 | F8: 1659 | G8: 6 ay | H8: 16.95 | I8: 18048000 | J8: 20712826 | K8: 11790000 | L8: 13559325 | M8: 4347561.5 | N8: 5000000 | O8: 3912805.3 | P8: 4500000 | Q8: 4622165.5 | R8: 5315813.9 | S8: 24672532 | T8: 28375139 | U8: 16.92 | V8: 36.69 | W8: 115.007
A9: TL Cinsi Sabit Faizli Kuponlu Senetler | B9: 2026 | C9: TRT051033T12 | D9: 18.03.2026 | E9: 05.10.2033 | F9: 2758 | G9: 6 ay | H9: 13.1 | I9: 17977000 | J9: 17373289 | K9: 2830000 | L9: 2749466.2 | M9: 0 | N9: 0 | O9: 1029293.7 | P9: 1000000 | Q9: 1673200 | R9: 1625580.7 | S9: 5532493.7 | T9: 5375046.9 | U9: 15.51 | V9: 33.43 | W9: 97.154
A10: TL Cinsi Sabit Faizli Kuponlu Senetler | B10: 2026 | C10: TRT150328T24 | D10: 18.03.2026 | E10: 15.03.2028 | F10: 728 | G10: 6 ay | H10: 18.4 | I10: 26491000 | J10: 26477072 | K10: 8555000 | L10: 8573441.5 | M10: 4989223.3 | N10: 5000000 | O10: 6485990.3 | P10: 6500000 | Q10: 2763810 | R10: 2769779.8 | S10: 22794023 | T10: 22843221 | U10: 18.32 | V10: 39.99 | W10: 100.216
A11: TL Cinsi Sabit Faizli Kuponlu Senetler | B11: 2026 | C11: TRT150328T24 | D11: 22.04.2026 | E11: 15.03.2028 | F11: 693 | G11: 6 ay | H11: 18.4 | I11: 21568000 | J11: 22309997 | K11: 10936000 | L11: 11339528 | M11: 14688012 | N11: 15230000 | O11: 4822065.8 | P11: 5000000 | Q11: 0 | R11: 0 | S11: 30446078 | T11: 31569528 | U11: 18.25 | V11: 39.83 | W11: 103.69
A12: TL Cinsi Sabit Faizli Kuponlu Senetler | B12: 2026 | C12: TRT160431T35 | D12: 22.04.2026 | E12: 16.04.2031 | F12: 1820 | G12: 6 ay | H12: 16.63 | I12: 19171540 | J12: 19039778 | K12: 11529000 | L12: 11491910 | M12: 10032304 | N12: 10000000 | O12: 5016152 | P12: 5000000 | Q12: 0 | R12: 0 | S12: 26577456 | T12: 26491910 | U12: 16.7 | V12: 36.18 | W12: 99.678
A13: TL Cinsi Sabit Faizli Kuponlu Senetler | B13: 2026 | C13: TRT160431T35 | D13: 06.05.2026 | E13: 16.04.2031 | F13: 1806 | G13: 6 ay | H13: 16.63 | I13: 15358000 | J13: 14824627 | K13: 10570000 | L13: 10222170 | M13: 5170149.6 | N13: 5000000 | O13: 5170149.6 | P13: 5000000 | Q13: 5830907.9 | R13: 5639012.7 | S13: 26741207 | T13: 25861183 | U13: 17.62 | V13: 38.33 | W13: 96.709
A14: TL Cinsi Sabit Faizli Kuponlu Senetler | B14: 2026 | C14: TRT150328T24 | D14: 13.05.2026 | E14: 15.03.2028 | F14: 672 | G14: 6 ay | H14: 18.4 | I14: 14822000 | J14: 15338813 | K14: 9472000 | L14: 9815504.5 | M14: 10807994 | N14: 11200000 | O14: 7333996 | P14: 7600000 | Q14: 0 | R14: 0 | S14: 27613990 | T14: 28615504 | U14: 19.08 | V14: 41.8 | W14: 103.627
... A55: TL Cinsi Sabit Faizli Kuponlu Senetler | B55: 2025 | C55: TRT021030T18 | D55: 10.12.2025 | E55: 02.10.2030 | F55: 1757 | G55: 6 ay | H55: 16.95 | I55: 21399000 | J55: 23531749 | K55: 7514000 | L55: 8283760 | M55: 4544465 | N55: 5010000 | O55: 11338486 | P55: 12500000 | Q55: 2099305.4 | R55: 2314358.3 | S55: 25496256 | T55: 28108118 | U55: 15.97 | V55: 34.49 | W55: 110.244
A56: TL Cinsi Sabit Faizli Kuponlu Senetler | B56: 2025 | C56: (*) İlgili ihalede yükümlülüğün yerine getirilmemesi sebebiyle, ihalede kabul edilen tutar ve toplam satış tutarlarında yukarıda belirtilen istatistiklerden nominal satış tutarı 300.000.000,00 TL; net satış tutarı ise 343.384.000,00 TL eksik gerçekleşmiştir. | D56: nan | E56: nan
A57: TL Cinsi Sabit Faizli Kuponlu Senetler | B57: 2024 | C57: TRT051033T12 | D57: 10.01.2024 | E57: 05.10.2033 | F57: 3556 | G57: 6 ay | H57: 13.1 | I57: 69730048 | J57: 72875275 | K57: 10390000 | L57: 10977162 | M57: 2839.537 | N57: 2999.9992 | O57: 9465125.7 | P57: 10000000 | Q57: 4999000 | R57: 5281493.5 | S57: 24856965 | T57: 26261655 | U57: 13.13 | V57: 27.98 | W57: 105.651
A58: TL Cinsi Sabit Faizli Kuponlu Senetler | B58: 2024 | C58: TRT011025T16 | D58: 10.01.2024 | E58: 01.10.2025 | F58: 630 | G58: 6 ay | H58: 6.3 | I58: 45356009 | J58: 33276420 | K58: 14606000 | L58: 10834799 | M58: 2709625.2 | N58: 2010000 | O58: 13480723 | P58: 10000000 | Q58: 4409538.3 | R58: 3270995.5 | S58: 35205886 | T58: 26115794 | U58: 18.38 | V58: 40.14 | W58: 74.18
A59: TL Cinsi Sabit Faizli Kuponlu Senetler | B59: 2024 | C59: TRT081128T15 | D59: 24.01.2024 | E59: 08.11.2028 | F59: 1750 | G59: 6 ay | H59: 15.54 | I59: 33597082 | J59: 37293019 | K59: 16926000 | L59: 18915180 | M59: 1789677.1 | N59: 2000000 | O59: 8948385.7 | P59: 10000000 | Q59: 7720936.1 | R59: 8628300.5 | S59: 35384999 | T59: 39543480 | U59: 14.35 | V59: 30.75 | W59: 111.752
A60: TL Cinsi Sabit Faizli Kuponlu Senetler | B60: 2024 | C60: TRT051033T12 | D60: 14.02.2024 | E60: 05.10.2033 | F60: 3521 | G60: 6 ay | H60: 13.1 | I60: 47554200 | J60: 52868374 | K60: 8842000 | L60: 9965615.9 | M60: 8872.484 | N60: 9999.9993 | O60: 8872484.6 | P60: 10000000 | Q60: 4509589.7 | R60: 5082668.3 | S60: 22232947 | T60: 25058284 | U60: 12.5 | V60: 26.56 | W60: 112.708
A61: TL Cinsi Sabit Faizli Kuponlu Senetler | B61: 2024 | C61: TRT180226T16 | D61: 21.02.2024 | E61: 18.02.2026 | F61: 728 | G61: 6 ay | H61: 18.5 | I61: 15246000 | J61: 14682646 | K61: 6976000 | L61: 6804546.7 | M61: 3101228.2 | N61: 3025000 | O61: 1537799.1 | P61: 1500000 | Q61: 2415312.8 | R61: 2355944.4 | S61: 14030340 | T61: 13685491 | U61: 19.44 | V61: 42.66 | W61: 97.542
A62: TL Cinsi Sabit Faizli Kuponlu Senetler | B62: 2024 | C62: TRT081128T15 | D62: 21.02.2024 | E62: 08.11.2028 | F62: 1722 | G62: 6 ay | H62: 15.54 | I62: 21490110 | J62: 24959851 | K62: 11318110 | L62: 13247060 | M62: 17087.736 | N62: 19999.999 | O62: 5980707.9 | P62: 7000000 | Q62: 0 | R62: 0 | S62: 17315906 | T62: 20267060 | U62: 13.79 | V62: 29.49 | W62: 117.043
A63: TL Cinsi Sabit Faizli Kuponlu Senetler | B63: 2024 | C63: TRT051033T12 | D63: 13.03.2024 | E63: 05.10.2033 | F63: 3493 | G63: 6 ay | H63: 13.1 | I63: 29461000 | J63: 33154538 | K63: 7752000 | L63: 8799996.1 | M63: 0 | N63: 0 | O63: 7928188.2 | P63: 9000000 | Q63: 2454304.8 | R63: 2786102.2 | S63: 18134493 | T63: 20586098 | U63: 12.67 | V63: 26.94 | W63: 113.519
A64: TL Cinsi Sabit Faizli Kuponlu Senetler | B64: 2024 | C64: TRT180226T16 | D64: 20.03.2024 | E64: 18.02.2026 | F64: 700 | G64: 6 ay | H64: 18.5 | I64: 10733320 | J64: 10086678 | K64: 2717320 | L64: 2592123.4 | M64: 3144884.8 | N64: 3000000 | O64: 262073.73 | P64: 250000 | Q64: 100000 | R64: 95393 | S64: 6224278.6 | T64: 5937516.4 | U64: 21.44 | V64: 47.49 | W64: 95.393
A65: TL Cinsi Sabit Faizli Kuponlu Senetler | B65: 2024 | C65: TRT081128T15 | D65: 20.03.2024 | E65: 08.11.2028 | F65: 1694 | G65: 6 ay | H65: 15.54 | I65: 18938900 | J65: 21178664 | K65: 7904900 | L65: 8880642.3 | M65: 0 | N65: 0 | O65: 9791355.1 | P65: 11000000 | Q65: 396698.53 | R65: 445667 | S65: 18092954 | T65: 20326309 | U65: 15.16 | V65: 32.62 | W65: 112.344
A66: TL Cinsi Sabit Faizli Kuponlu Senetler | B66: 2024 | C66: TRT180226T16 | D66: 17.04.2024 | E66: 18.02.2026 | F66: 672 | G66: 6 ay | H66: 18.5 | I66: 16018004 | J66: 16048227 | K66: 11055002 | L66: 11178070 | M66: 5449348.7 | N66: 5510000 | O66: 1582388 | P66: 1600000 | Q66: - | R66: - | S66: 18086738 | T66: 18288070 | U66: 20.23 | V66: 44.55 | W66: 101.113
A67: TL Cinsi Sabit Faizli Kuponlu Senetler | B67: 2024 | C67: TRT081128T15 | D67: 17.04.2024 | E67: 08.11.2028 | F67: 1666 | G67: 6 ay | H67: 15.54 | I67: 14213000 | J67: 15850182 | K67: 9409000 | L67: 10557919 | M67: - | N67: - | O67: 3119123.8 | P67: 3500000 | Q67: - | R67: - | S67: 12528124 | T67: 14057919 | U67: 15.71 | V67: 33.88 | W67: 112.211
A68: TL Cinsi Sabit Faizli Kuponlu Senetler | B68: 2024 | C68: TRT051033T12 | D68: 24.04.2024 | E68: 05.10.2033 | F68: 3451 | G68: 6 ay | H68: 13.1 | I68: 32154130 | J68: 30985103 | K68: 18578130 | L68: 18080531 | M68: 0 | N68: 0 | O68: 3082550.7 | P68: 3000000 | Q68: 8950687.7 | R68: 8710988.2 | S68: 30611369 | T68: 29791520 | U68: 13.57 | V68: 28.98 | W68: 97.322
A69: TL Cinsi Sabit Faizli Kuponlu Senetler | B69: 2024 | C69: TRT180226T16 | D69: 08.05.2024 | E69: 18.02.2026 | F69: 651 | G69: 6 ay | H69: 18.5 | I69: 38342200 | J69: 39238995 | K69: 15088000 | L69: 15505191 | M69: 3921568.6 | N69: 4030000 | O69: 11677127 | P69: 12000000 | Q69: 5727974.7 | R69: 5886353.2 | S69: 36414671 | T69: 37421544 | U69: 20.45 | V69: 45.09 | W69: 102.765
A70: TL Cinsi Sabit Faizli Kuponlu Senetler | B70: 2024 | C70: TRT051033T12 | D70: 08.05.2024 | E70: 05.10.2033 | F70: 3437 | G70: 6 ay | H70: 13.1 | I70: 62772830 | J70: 61760106 | K70: 25383325 | L70: 25097696 | M70: 0 | N70: 0 | O70: 15170670 | P70: 15000000 | Q70: 8085138.5 | R70: 7994180.7 | S70: 48639134 | T70: 48091876 | U70: 13.48 | V70: 28.77 | W70: 98.875
A71: TL Cinsi Sabit Faizli Kuponlu Senetler | B71: 2024 | C71: TRT081128T15 | D71: 22.05.2024 | E71: 08.11.2028 | F71: 1631 | G71: 6 ay | H71: 15.54 | I71: 49625175 | J71: 51203500 | K71: 18233120 | L71: 18910722 | M71: 2429711.9 | N71: 2520000 | O71: 14462571 | P71: 15000000 | Q71: 7115223.7 | R71: 7379625.4 | S71: 42240626 | T71: 43810347 | U71: 14.88 | V71: 31.97 | W71: 103.716
A72: TL Cinsi Sabit Faizli Kuponlu Senetler | B72: 2024 | C72: TRT180226T16 | D72: 05.06.2024 | E72: 18.02.2026 | F72: 623 | G72: 6 ay | H72: 18.5 | I72: 67220649 | J72: 72966254 | K72: 20975000 | L72: 22813972 | M72: 2758189.5 | N72: 3000000 | O72: 18387930 | P72: 20000000 | Q72: 1300000 | R72: 1413971 | S72: 43421120 | T72: 47227942 | U72: 19.14 | V72: 41.94 | W72: 108.767
A73: TL Cinsi Sabit Faizli Kuponlu Senetler | B73: 2024 | C73: TRT051033T12 | D73: 05.06.2024 | E73: 05.10.2033 | F73: 3409 | G73: 6 ay | H73: 13.1 | I73: 32859021 | J73: 34268868 | K73: 21221008 | L73: 22204881 | M73: - | N73: - | O73: 16246798 | P73: 17000000 | Q73: 2700000 | R73: 2825172 | S73: 40167806 | T73: 42030053 | U73: 12.92 | V73: 27.5 | W73: 104.636
A74: TL Cinsi Sabit Faizli Kuponlu Senetler | B74: 2024 | C74: TRT081128T15 | D74: 12.06.2024 | E74: 08.11.2028 | F74: 1610 | G74: 6 ay | H74: 15.54 | I74: 22891400 | J74: 23605683 | K74: 16099300 | L74: 16642096 | M74: 1451069.9 | N74: 1500000 | O74: 9673799.5 | P74: 10000000 | Q74: 1340284.8 | R74: 1385479.2 | S74: 28564454 | T74: 29527575 | U74: 15.3 | V74: 32.94 | W74: 103.372
A75: TL Cinsi Sabit Faizli Kuponlu Senetler | B75: 2024 | C75: TRT081128T15 | D75: 10.07.2024 | E75: 08.11.2028 | F75: 1582 | G75: 6 ay | H75: 15.54 | I75: 21180007 | J75: 23375251 | K75: 9625507 | L75: 10659939 | M75: 677219.25 | N75: 750000 | O75: 9932549 | P75: 11000000 | Q75: 400735.01 | R75: 443802 | S75: 20636010 | T75: 22853741 | U75: 14.26 | V75: 30.54 | W75: 110.747
A76: TL Cinsi Sabit Faizli Kuponlu Senetler | B76: 2024 | C76: TRT180226T16 | D76: 24.07.2024 | E76: 18.02.2026 | F76: 574 | G76: 6 ay | H76: 18.5 | I76: 23987124 | J76: 27238000 | K76: 14318080 | L76: 16284350 | M76: 2857569.9 | N76: 3250000 | O76: 11430280 | P76: 13000000 | Q76: 510377.73 | R76: 580467.9 | S76: 29116307 | T76: 33114818 | U76: 19.27 | V76: 42.25 | W76: 113.733
A77: TL Cinsi Sabit Faizli Kuponlu Senetler | B77: 2024 | C77: TRT051033T12 | D77: 24.07.2024 | E77: 05.10.2033 | F77: 3360 | G77: 6 ay | H77: 13.1 | I77: 19314001 | J77: 20380128 | K77: 4794001 | L77: 5082358.4 | M77: 0 | N77: 0 | O77: 5659576.5 | P77: 6000000 | Q77: 1821008 | R77: 1930541.6 | S77: 12274585 | T77: 13012900 | U77: 13.22 | V77: 28.19 | W77: 106.015
A78: TL Cinsi Sabit Faizli Kuponlu Senetler | B78: 2024 | C78: TRT120826T16 | D78: 14.08.2024 | E78: 12.08.2026 | F78: 728 | G78: 6 ay | H78: 18 | I78: 53978011 | J78: 52205476 | K78: 13710005 | L78: 13402937 | M78: 3610883.8 | N78: 3530000 | O78: 15343699 | P78: 15000000 | Q78: 3821604.5 | R78: 3736000.5 | S78: 36486192 | T78: 35668938 | U78: 18.85 | V78: 41.24 | W78: 97.76
A79: TL Cinsi Sabit Faizli Kuponlu Senetler | B79: 2024 | C79: TRT081128T15 | D79: 14.08.2024 | E79: 08.11.2028 | F79: 1547 | G79: 6 ay | H79: 15.54 | I79: 11908631 | J79: 12978202 | K79: 6088630.7 | L79: 6671971.6 | M79: 1825133.9 | N79: 2000000 | O79: 1825133.9 | P79: 2000000 | Q79: 0 | R79: 0 | S79: 9738898.5 | T79: 10671972 | U79: 15.09 | V79: 32.45 | W79: 109.581
A80: TL Cinsi Sabit Faizli Kuponlu Senetler | B80: 2024 | C80: TRT051033T12 | D80: 21.08.2024 | E80: 05.10.2033 | F80: 3332 | G80: 6 ay | H80: 13.1 | I80: 32495455 | J80: 34499130 | K80: 3885000 | L80: 4142520.2 | M80: 0 | N80: 0 | O80: 4689155.9 | P80: 5000000 | Q80: 732578.45 | R80: 781141.08 | S80: 9306734.3 | T80: 9923661.3 | U80: 13.44 | V80: 28.68 | W80: 106.629
A81: TL Cinsi Sabit Faizli Kuponlu Senetler | B81: 2024 | C81: TRT051033T12 | D81: 11.09.2024 | E81: 05.10.2033 | F81: 3311 | G81: 6 ay | H81: 13.1 | I81: 13382057 | J81: 14449384 | K81: 10326057 | L81: 11174091 | M81: 0 | N81: 0 | O81: 5082568.6 | P81: 5500000 | Q81: 0 | R81: 0 | S81: 15408625 | T81: 16674091 | U81: 13.43 | V81: 28.67 | W81: 108.213
A82: TL Cinsi Sabit Faizli Kuponlu Senetler | B82: 2024 | C82: TRT120826T16 | D82: 18.09.2024 | E82: 12.08.2026 | F82: 693 | G82: 6 ay | H82: 18 | I82: 25182000 | J82: 25486968 | K82: 16709000 | L82: 16941589 | M82: 8876440 | N82: 9000000 | O82: 12328389 | P82: 12500000 | Q82: 250000 | R82: 253480 | S82: 38163829 | T82: 38695069 | U82: 18.72 | V82: 40.93 | W82: 101.392
A83: TL Cinsi Sabit Faizli Kuponlu Senetler | B83: 2024 | C83: TRT120929T12 | D83: 18.09.2024 | E83: 12.09.2029 | F83: 1820 | G83: 6 ay | H83: 15 | I83: 16178214 | J83: 15609481 | K83: 9657000 | L83: 9415127 | M83: 5128468.1 | N83: 5000000 | O83: 1538540.4 | P83: 1500000 | Q83: 5573014.5 | R83: 5433410.4 | S83: 21897023 | T83: 21348537 | U83: 15.51 | V83: 33.42 | W83: 97.495
A84: TL Cinsi Sabit Faizli Kuponlu Senetler | B84: 2024 | C84: TRT270934T18 | D84: 09.10.2024 | E84: 27.09.2034 | F84: 3640 | G84: 6 ay | H84: 13.85 | I84: 38457763 | J84: 37628568 | K84: 10681100 | L84: 10576698 | M84: 0 | N84: 0 | O84: 6059198.4 | P84: 6000000 | Q84: 4195181.7 | R84: 4154194.8 | S84: 20935480 | T84: 20730893 | U84: 14 | V84: 29.95 | W84: 99.023
A85: TL Cinsi Sabit Faizli Kuponlu Senetler | B85: 2024 | C85: TRT120826T16 | D85: 16.10.2024 | E85: 12.08.2026 | F85: 665 | G85: 6 ay | H85: 18 | I85: 22923000 | J85: 23357566 | K85: 15916000 | L85: 16250098 | M85: 4916796.4 | N85: 5020000 | O85: 4407486.8 | P85: 4500000 | Q85: 3897143.4 | R85: 3978944.4 | S85: 29137427 | T85: 29749043 | U85: 19.54 | V85: 42.89 | W85: 102.099
... A99: TL Cinsi Sabit Faizli Kuponlu Senetler | B99: 2023 | C99: TRT131032T13 | D99: 08.03.2023 | E99: 13.10.2032 | F99: 3507 | G99: 6 ay | H99: 5.2 | I99: 11350005 | J99: 10978847 | K99: 8970002 | L99: 8711016.1 | M99: 0 | N99: 0 | O99: 6693233.7 | P99: 6500000 | Q99: 3362809.6 | R99: 3265725.2 | S99: 19026045 | T99: 18476741 | U99: 5.78 | V99: 11.9 | W99: 97.113
A100: TL Cinsi Sabit Faizli Kuponlu Senetler | B100: 2023 | C100: TRT041224T12 | D100: 22.03.2023 | E100: 04.12.2024 | F100: 623 | G100: 6 ay | H100: 4.65 | I100: 590003 | J100: 578551.19 | K100: 200001 | L100: 196941.74 | M100: - | N100: - | O100: 91398.394 | P100: 89999.999 | Q100: 0 | R100: 0 | S100: 291399.39 | T100: 286941.74 | U100: 6.04 | V100: 12.44 | W100: 98.47
A101: TL Cinsi Sabit Faizli Kuponlu Senetler | B101: 2023 | C101: TRT160228T16 | D101: 22.03.2023 | E101: 16.02.2028 | F101: 1792 | G101: 6 ay | H101: 4.55 | I101: 13854005 | J101: 12816443 | K101: 10946001 | L101: 10162348 | M101: - | N101: - | O101: 26927758 | P101: 25000000 | Q101: 0 | R101: 0 | S101: 37873759 | T101: 35162348 | U101: 5.61 | V101: 11.53 | W101: 92.841
A102: TL Cinsi Sabit Faizli Kuponlu Senetler | B102: 2023 | C102: TRT020926T17 | D102: 12.04.2023 | E102: 02.09.2026 | F102: 1239 | G102: 6 ay | H102: 8.45 | I102: 416000 | J102: 442726.49 | K102: 157000 | L102: 169466.48 | M102: - | N102: - | O102: 64850.842 | P102: 69999.999 | Q102: 0 | R102: 0 | S102: 221850.84 | T102: 239466.48 | U102: 7.23 | V102: 14.99 | W102: 107.94
A103: TL Cinsi Sabit Faizli Kuponlu Senetler | B103: 2023 | C103: TRT131032T13 | D103: 12.04.2023 | E103: 13.10.2032 | F103: 3472 | G103: 6 ay | H103: 5.2 | I103: 9189005 | J103: 8762625.4 | K103: 6767000 | L103: 6477082.1 | M103: - | N103: - | O103: 9141627.3 | P103: 8750000 | Q103: 0 | R103: 0 | S103: 15908627 | T103: 15227082 | U103: 6.01 | V103: 12.39 | W103: 95.716
A104: TL Cinsi Sabit Faizli Kuponlu Senetler | B104: 2023 | C104: TRT160228T16 | D104: 19.04.2023 | E104: 16.02.2028 | F104: 1764 | G104: 6 ay | H104: 4.55 | I104: 9913005 | J104: 7472456.1 | K104: 5323005 | L104: 4045927.7 | M104: - | N104: - | O104: 4933691.2 | P104: 3750000 | Q104: 2050000 | R104: 1558164 | S104: 12306696 | T104: 9354091.7 | U104: 8.49 | V104: 17.71 | W104: 76.008
A105: TL Cinsi Sabit Faizli Kuponlu Senetler | B105: 2023 | C105: TRT131032T13 | D105: 03.05.2023 | E105: 13.10.2032 | F105: 3451 | G105: 6 ay | H105: 5.2 | I105: 5520000 | J105: 4636608 | K105: 3157000 | L105: 2717249 | M105: 2323663 | N105: 2000000 | O105: 1452289.4 | P105: 1250000 | Q105: 1000 | R105: 860.71 | S105: 6933952.4 | T105: 5968109.7 | U105: 6.52 | V105: 13.46 | W105: 86.071
A106: TL Cinsi Sabit Faizli Kuponlu Senetler | B106: 2023 | C106: TRT041224T12 | D106: 10.05.2023 | E106: 04.12.2024 | F106: 574 | G106: 6 ay | H106: 4.65 | I106: 288003 | J106: 276221.41 | K106: 187001 | L106: 179888.99 | M106: 1559300.2 | N106: 1500000 | O106: 129941.68 | P106: 125000 | Q106: 5007.172 | R106: 4816.7492 | S106: 1881250 | T106: 1809705.7 | U106: 7.49 | V106: 15.53 | W106: 96.197
A107: TL Cinsi Sabit Faizli Kuponlu Senetler | B107: 2023 | C107: TRT080328T15 | D107: 10.05.2023 | E107: 08.03.2028 | F107: 1764 | G107: 6 ay | H107: 6.2 | I107: 14652005 | J107: 12512112 | K107: 6668004 | L107: 5825321.3 | M107: 2289324.9 | N107: 2000000 | O107: 2861656.1 | P107: 2500000 | Q107: 1146662.4 | R107: 1001747.2 | S107: 12965647 | T107: 11327069 | U107: 8.45 | V107: 17.61 | W107: 87.362
A108: TL Cinsi Sabit Faizli Kuponlu Senetler | B108: 2023 | C108: TRT041224T12 | D108: 14.06.2023 | E108: 04.12.2024 | F108: 539 | G108: 6 ay | H108: 4.65 | I108: 1416000 | J108: 1270641.4 | K108: 530000 | L108: 483298.8 | M108: 274158.88 | N108: 250000 | O108: 328990.65 | P108: 300000 | Q108: 138646.07 | R108: 126428.58 | S108: 1271795.6 | T108: 1159727.4 | U108: 8.19 | V108: 17.05 | W108: 91.188
A109: TL Cinsi Sabit Faizli Kuponlu Senetler | B109: 2023 | C109: TRT131032T13 | D109: 14.06.2023 | E109: 13.10.2032 | F109: 3409 | G109: 6 ay | H109: 5.2 | I109: 16259000 | J109: 11266147 | K109: 12024000 | L109: 8389571 | M109: 1433198.6 | N109: 1000000 | O109: 8599191.7 | P109: 6000000 | Q109: 2775484.7 | R109: 1936566.7 | S109: 24831875 | T109: 17326138 | U109: 8.67 | V109: 18.09 | W109: 69.774
A110: TL Cinsi Sabit Faizli Kuponlu Senetler | B110: 2023 | C110: TRT080328T15 | D110: 21.06.2023 | E110: 08.03.2028 | F110: 1722 | G110: 6 ay | H110: 6.2 | I110: 33852000 | J110: 29597464 | K110: 20261000 | L110: 17831880 | M110: 852166.21 | N110: 750000 | O110: 27269319 | P110: 24000000 | Q110: 8434909.9 | R110: 7423648.5 | S110: 56817395 | T110: 50005528 | U110: 8.63 | V110: 17.99 | W110: 88.011
A111: TL Cinsi Sabit Faizli Kuponlu Senetler | B111: 2023 | C111: TRT190728T18 | D111: 26.07.2023 | E111: 19.07.2028 | F111: 1820 | G111: 6 ay | H111: 8.65 | I111: 15208506 | J111: 14347124 | K111: 11320000 | L111: 10818038 | M111: 0 | N111: 0 | O111: 9417575.3 | P111: 9000000 | Q111: 3822627.3 | R111: 3653132 | S111: 24560203 | T111: 23471170 | U111: 9.35 | V111: 19.58 | W111: 95.566
A112: TL Cinsi Sabit Faizli Kuponlu Senetler | B112: 2023 | C112: TRT130733T17 | D112: 26.07.2023 | E112: 13.07.2033 | F112: 3640 | G112: 6 ay | H112: 8.9 | I112: 7555500 | J112: 7105593 | K112: 4572500 | L112: 4342872.1 | M112: 0 | N112: 0 | O112: 3948282.8 | P112: 3750000 | Q112: 305069.49 | R112: 289748.9 | S112: 8825852.2 | T112: 8382621 | U112: 9.47 | V112: 19.83 | W112: 94.978
A113: TL Cinsi Sabit Faizli Kuponlu Senetler | B113: 2023 | C113: TRT011025T16 | D113: 09.08.2023 | E113: 01.10.2025 | F113: 784 | G113: 6 ay | H113: 6.3 | I113: 1081000 | J113: 1013339.8 | K113: 272000 | L113: 260538.92 | M113: 0 | N113: 0 | O113: 52199.693 | P113: 49999.998 | Q113: 98836.846 | R113: 94671.861 | S113: 423036.54 | T113: 405210.78 | U113: 8.76 | V113: 18.28 | W113: 95.786
A114: TL Cinsi Sabit Faizli Kuponlu Senetler | B114: 2023 | C114: TRT190728T18 | D114: 09.08.2023 | E114: 19.07.2028 | F114: 1806 | G114: 6 ay | H114: 8.65 | I114: 32090000 | J114: 29910198 | K114: 25118000 | L114: 23500802 | M114: 0 | N114: 0 | O114: 21376200 | P114: 20000000 | Q114: 4187778.7 | R114: 3918169.5 | S114: 50681978 | T114: 47418971 | U114: 9.8 | V114: 20.55 | W114: 93.562
A115: TL Cinsi Sabit Faizli Kuponlu Senetler | B115: 2023 | C115: TRT130733T17 | D115: 16.08.2023 | E115: 13.07.2033 | F115: 3619 | G115: 6 ay | H115: 8.9 | I115: 13494004 | J115: 11686625 | K115: 9113001 | L115: 7980468.9 | M115: 1141917.5 | N115: 1000000 | O115: 8564381.3 | P115: 7500000 | Q115: 770751.42 | R115: 674962.43 | S115: 19590051 | T115: 17155431 | U115: 10.54 | V115: 22.18 | W115: 87.572
A116: TL Cinsi Sabit Faizli Kuponlu Senetler | B116: 2023 | C116: TRT011025T16 | D116: 13.09.2023 | E116: 01.10.2025 | F116: 749 | G116: 6 ay | H116: 6.3 | I116: 2697003 | J116: 2162733.6 | K116: 525000 | L116: 463067.36 | M116: 226749.66 | N116: 200000 | O116: 396811.9 | P116: 350000 | Q116: 0 | R116: 0 | S116: 1148561.6 | T116: 1013067.4 | U116: 11.86 | V116: 25.14 | W116: 88.203
... A171: TL Cinsi Sabit Faizli Kuponlu Senetler | B171: 2021 | C171: TRT011025T16 | D171: 26.05.2021 | E171: 01.10.2025 | F171: 1589 | G171: 6 ay | H171: 6.3 | I171: 3453600 | J171: 2949713.1 | K171: 1581600 | L171: 1353088.6 | M171: 1636431.6 | N171: 1400000 | O171: 701327.84 | P171: 600000 | Q171: 300628.71 | R171: 257193.87 | S171: 4219988.2 | T171: 3610282.5 | U171: 9.04 | V171: 18.9 | W171: 85.552
A172: TL Cinsi Sabit Faizli Kuponlu Senetler | B172: 2021 | C172: TRT091122T10 | D172: 26.05.2021 | E172: 09.11.2022 | F172: 532 | G172: 6 ay | H172: 6.95 | I172: 939000 | J172: 897486.05 | K172: 402000 | L172: 384637.28 | M172: 0 | N172: 0 | O172: 313541.87 | P172: 300000 | Q172: - | R172: - | S172: 715541.87 | T172: 684637.28 | U172: 8.9 | V172: 18.59 | W172: 95.681
A173: TL Cinsi Sabit Faizli Kuponlu Senetler | B173: 2021 | C173: TRT011025T16 | D173: 09.06.2021 | E173: 01.10.2025 | F173: 1575 | G173: 6 ay | H173: 6.3 | I173: 5856000 | J173: 4972913.8 | K173: 3382000 | L173: 2874545.3 | M173: 2206012.1 | N173: 1875000 | O173: 941231.83 | P173: 799999.99 | Q173: 1083691.8 | R173: 921083.88 | S173: 7612935.8 | T173: 6470629.2 | U173: 9.26 | V173: 19.38 | W173: 84.995
A174: TL Cinsi Sabit Faizli Kuponlu Senetler | B174: 2021 | C174: TRT140623T19 | D174: 23.06.2021 | E174: 14.06.2023 | F174: 721 | G174: 6 ay | H174: 8.1 | I174: 2384500 | J174: 2324613.9 | K174: 1588000 | L174: 1550160.1 | M174: 281713.23 | N174: 275000 | O174: 1126852.9 | P174: 1100000 | Q174: 475122.67 | R174: 463800.5 | S174: 3471688.8 | T174: 3388960.6 | U174: 8.93 | V174: 18.66 | W174: 97.617
A175: TL Cinsi Sabit Faizli Kuponlu Senetler | B175: 2021 | C175: TRT140623T19 | D175: 14.07.2021 | E175: 14.06.2023 | F175: 700 | G175: 6 ay | H175: 8.1 | I175: 3794500 | J175: 3718118.6 | K175: 2405500 | L175: 2363580.5 | M175: 1017739.2 | N175: 1000000 | O175: 712417.43 | P175: 700000 | Q175: 150029.46 | R175: 147414.45 | S175: 4285686.1 | T175: 4210994.9 | U175: 9.04 | V175: 18.9 | W175: 98.257
A176: TL Cinsi Sabit Faizli Kuponlu Senetler | B176: 2021 | C176: TRT131130T14 | D176: 28.07.2021 | E176: 13.11.2030 | F176: 3395 | G176: 6 ay | H176: 5.85 | I176: 4629600 | J176: 3586205.8 | K176: 2845000 | L176: 2211532.5 | M176: 1286438.4 | N176: 1000000 | O176: 1608048 | P176: 1250000 | Q176: 1000133.1 | R176: 777443.5 | S176: 6739619.5 | T176: 5238976 | U176: 8.48 | V176: 17.68 | W176: 77.734
A177: TL Cinsi Sabit Faizli Kuponlu Senetler | B177: 2021 | C177: TRT181023T19 | D177: 18.08.2021 | E177: 18.10.2023 | F177: 791 | G177: 6 ay | H177: 10.05 | I177: 4886500 | J177: 5373931.5 | K177: 3014500 | L177: 3319706.6 | M177: 635641.32 | N177: 700000 | O177: 908059.02 | P177: 1000000 | Q177: 1054161.2 | R177: 1160895 | S177: 5612361.6 | T177: 6180601.6 | U177: 9 | V177: 18.81 | W177: 110.125
A178: TL Cinsi Sabit Faizli Kuponlu Senetler | B178: 2021 | C178: TRT131130T14 | D178: 18.08.2021 | E178: 13.11.2030 | F178: 3374 | G178: 6 ay | H178: 5.85 | I178: 3479000 | J178: 2749315.2 | K178: 1933000 | L178: 1530217 | M178: 63160.82 | N178: 50000 | O178: 568447.38 | P178: 450000 | Q178: 50077.056 | R178: 39642.5 | S178: 2614685.3 | T178: 2069859.5 | U178: 8.39 | V178: 17.48 | W178: 79.163
A179: TL Cinsi Sabit Faizli Kuponlu Senetler | B179: 2021 | C179: TRT020926T17 | D179: 08.09.2021 | E179: 02.09.2026 | F179: 1820 | G179: 6 ay | H179: 8.45 | I179: 4407500 | J179: 4386650.4 | K179: 2807500 | L179: 2802351.2 | M179: 2504583.4 | N179: 2500000 | O179: 1252291.7 | P179: 1250000 | Q179: 39783.849 | R179: 39711.045 | S179: 6604158.9 | T179: 6592062.3 | U179: 8.48 | V179: 17.67 | W179: 99.817
A180: TL Cinsi Sabit Faizli Kuponlu Senetler | B180: 2021 | C180: TRT200923T18 | D180: 22.09.2021 | E180: 20.09.2023 | F180: 728 | G180: 6 ay | H180: 8.6 | I180: 2375500 | J180: 2366919.9 | K180: 1103000 | L180: 1100544.4 | M180: 1623620.7 | N180: 1620000 | O180: 601340.99 | P180: 600000 | Q180: 253072.76 | R180: 252508.41 | S180: 3581034.4 | T180: 3573052.9 | U180: 8.67 | V180: 18.09 | W180: 99.777
A181: TL Cinsi Sabit Faizli Kuponlu Senetler | B181: 2021 | C181: TRT020926T17 | D181: 06.10.2021 | E181: 02.09.2026 | F181: 1792 | G181: 6 ay | H181: 8.45 | I181: 4851000 | J181: 4713010.8 | K181: 2355000 | L181: 2293272.5 | M181: 1026915.5 | N181: 1000000 | O181: 1334990.1 | P181: 1300000 | Q181: - | R181: - | S181: 4716905.5 | T181: 4593272.5 | U181: 9.06 | V181: 18.94 | W181: 97.379
A182: TL Cinsi Sabit Faizli Kuponlu Senetler | B182: 2021 | C182: TRT200923T18 | D182: 20.10.2021 | E182: 20.09.2023 | F182: 700 | G182: 6 ay | H182: 8.6 | I182: 2175001 | J182: 2167073 | K182: 1150001 | L182: 1148261 | M182: 4406654 | N182: 4400000 | O182: 1352041.6 | P182: 1350000 | Q182: 97541.312 | R182: 97394.025 | S182: 7006237.9 | T182: 6995655 | U182: 9.06 | V182: 18.93 | W182: 99.849
A183: TL Cinsi Sabit Faizli Kuponlu Senetler | B183: 2021 | C183: TRT020926T17 | D183: 10.11.2021 | E183: 02.09.2026 | F183: 1757 | G183: 6 ay | H183: 8.45 | I183: 4266000 | J183: 4157843.3 | K183: 2711000 | L183: 2646729.2 | M183: 153642.87 | N183: 150000 | O183: 870642.94 | P183: 849999.99 | Q183: 486346.66 | R183: 474815.38 | S183: 4221632.5 | T183: 4121544.6 | U183: 9.29 | V183: 19.44 | W183: 97.629
A184: TL Cinsi Sabit Faizli Kuponlu Senetler | B184: 2021 | C184: TRT200923T18 | D184: 24.11.2021 | E184: 20.09.2023 | F184: 665 | G184: 6 ay | H184: 8.6 | I184: 2184114.7 | J184: 2152083.3 | K184: 625101.4 | L184: 619275.67 | M184: 580409.41 | N184: 575000 | O184: 428998.26 | P184: 425000 | Q184: - | R184: - | S184: 1634509.1 | T184: 1619275.7 | U184: 9.9 | V184: 20.77 | W184: 99.068
A185: TL Cinsi Sabit Faizli Kuponlu Senetler | B185: 2021 | C185: TRT020926T17 | D185: 08.12.2021 | E185: 02.09.2026 | F185: 1729 | G185: 6 ay | H185: 8.45 | I185: 1290003 | J185: 1166794.5 | K185: 647001 | L185: 586953.44 | M185: 165345.74 | N185: 150000 | O185: 551152.46 | P185: 500000 | Q185: 50022.817 | R185: 45380.199 | S185: 1413522 | T185: 1282333.6 | U185: 10.77 | V185: 22.7 | W185: 90.719
A186: TL Cinsi Sabit Faizli Kuponlu Senetler | B186: 2021 | C186: TRT200923T18 | D186: 15.12.2021 | E186: 20.09.2023 | F186: 644 | G186: 6 ay | H186: 8.6 | I186: 1322007.1 | J186: 1306480.9 | K186: 576000 | L186: 572536.29 | M186: 1131802.1 | N186: 1125000 | O186: 326965.06 | P186: 325000 | Q186: - | R186: - | S186: 2034767.2 | T186: 2022536.3 | U186: 10.17 | V186: 21.36 | W186: 99.399
A187: TL Cinsi Sabit Faizli Kuponlu Senetler | B187: 2020 | C187: TRT201021T25 | D187: 29.01.2020 | E187: 20.10.2021 | F187: 630 | G187: 6 ay | H187: 6.9 | I187: 3465000 | J187: 3798562.8 | K187: 1994000 | L187: 2189787.2 | M187: 409765.16 | N187: 450000 | O187: 682941.93 | P187: 750000 | Q187: 146741.83 | R187: 161150.41 | S187: 3233448.9 | T187: 3550937.6 | U187: 4.93 | V187: 10.09 | W187: 109.819
A188: TL Cinsi Sabit Faizli Kuponlu Senetler | B188: 2020 | C188: TRT201021T25 | D188: 26.02.2020 | E188: 20.10.2021 | F188: 602 | G188: 6 ay | H188: 6.9 | I188: 3477500 | J188: 3750577.5 | K188: 1258000 | L188: 1359900.8 | M188: 1017576.3 | N188: 1100000 | O188: 740055.5 | P188: 800000 | Q188: 0 | R188: 0 | S188: 3015631.8 | T188: 3259900.8 | U188: 5.75 | V188: 11.84 | W188: 108.1
A189: TL Cinsi Sabit Faizli Kuponlu Senetler | B189: 2020 | C189: TRT201021T25 | D189: 25.03.2020 | E189: 20.10.2021 | F189: 574 | G189: 6 ay | H189: 6.9 | I189: 2310000 | J189: 2541215.9 | K189: 1458000 | L189: 1607768.3 | M189: 1995066.7 | N189: 2200000 | O189: 906848.52 | P189: 1000000 | Q189: 0 | R189: 0 | S189: 4359915.3 | T189: 4807768.3 | U189: 5.33 | V189: 10.94 | W189: 110.272
A190: TL Cinsi Sabit Faizli Kuponlu Senetler | B190: 2020 | C190: TRT201021T25 | D190: 29.04.2020 | E190: 20.10.2021 | F190: 539 | G190: 6 ay | H190: 6.9 | I190: 3256000 | J190: 3485329.9 | K190: 1945000 | L190: 2083117.2 | M190: 280109.43 | N190: 300000 | O190: 933698.1 | P190: 1000000 | Q190: 0 | R190: 0 | S190: 3158807.5 | T190: 3383117.2 | U190: 4.39 | V190: 8.97 | W190: 107.101
A191: TL Cinsi Sabit Faizli Kuponlu Senetler | B191: 2020 | C191: TRT040522T13 | D191: 06.05.2020 | E191: 04.05.2022 | F191: 728 | G191: 6 ay | H191: 4.5 | I191: 7990000 | J191: 7914431.7 | K191: 3335000 | L191: 3309273.3 | M191: 0 | N191: 0 | O191: 4031079.6 | P191: 4000000 | Q191: 0 | R191: 0 | S191: 7366079.6 | T191: 7309273.3 | U191: 4.72 | V191: 9.65 | W191: 99.229
A192: TL Cinsi Sabit Faizli Kuponlu Senetler | B192: 2020 | C192: TRT220921T18 | D192: 13.05.2020 | E192: 22.09.2021 | F192: 497 | G192: 6 ay | H192: 4.6 | I192: 2175200 | J192: 2214196.2 | K192: 1045000 | L192: 1064185.4 | M192: 196394.2 | N192: 200000 | O192: 1276562.3 | P192: 1300000 | Q192: 0 | R192: 0 | S192: 2517956.5 | T192: 2564185.4 | U192: 4.36 | V192: 8.9 | W192: 101.836
A193: TL Cinsi Sabit Faizli Kuponlu Senetler | B193: 2020 | C193: TRT040522T13 | D193: 10.06.2020 | E193: 04.05.2022 | F193: 693 | G193: 6 ay | H193: 4.5 | I193: 3676000 | J193: 3698729.5 | K193: 1511000 | L193: 1523414.5 | M193: 297554.1 | N193: 300000 | O193: 1388585.8 | P193: 1400000 | Q193: 0 | R193: 0 | S193: 3197139.9 | T193: 3223414.5 | U193: 4.51 | V193: 9.22 | W193: 100.822
A194: TL Cinsi Sabit Faizli Kuponlu Senetler | B194: 2020 | C194: TRT180123T10 | D194: 24.06.2020 | E194: 18.01.2023 | F194: 938 | G194: 6 ay | H194: 6.1 | I194: 3405000 | J194: 3774406.2 | K194: 1385000 | L194: 1540607.9 | M194: 134849.64 | N194: 150000 | O194: 1663145.6 | P194: 1850000 | Q194: 0 | R194: 0 | S194: 3182995.2 | T194: 3540607.9 | U194: 4.74 | V194: 9.7 | W194: 111.235
A195: TL Cinsi Sabit Faizli Kuponlu Senetler | B195: 2020 | C195: TRT040522T13 | D195: 08.07.2020 | E195: 04.05.2022 | F195: 665 | G195: 6 ay | H195: 4.5 | I195: 3914000 | J195: 3935028.2 | K195: 1694000 | L195: 1706180.7 | M195: 446787.6 | N195: 450000 | O195: 1191433.6 | P195: 1200000 | Q195: 0 | R195: 0 | S195: 3332221.2 | T195: 3356180.7 | U195: 4.75 | V195: 9.72 | W195: 100.719
A196: TL Cinsi Sabit Faizli Kuponlu Senetler | B196: 2020 | C196: TRT180123T10 | D196: 22.07.2020 | E196: 18.01.2023 | F196: 910 | G196: 6 ay | H196: 6.1 | I196: 2593000 | J196: 2681974.8 | K196: 957000 | L196: 992199.87 | M196: 0 | N196: 0 | O196: 964524.77 | P196: 999999.99 | Q196: 0 | R196: 0 | S196: 1921524.8 | T196: 1992199.9 | U196: 5.24 | V196: 10.76 | W196: 103.678
A197: TL Cinsi Sabit Faizli Kuponlu Senetler | B197: 2020 | C197: TRT040522T13 | D197: 12.08.2020 | E197: 04.05.2022 | F197: 630 | G197: 6 ay | H197: 4.5 | I197: 2366000 | J197: 2256144.9 | K197: 787000 | L197: 751894.26 | M197: 1360700.9 | N197: 1300000 | O197: 732685.08 | P197: 700000 | Q197: 44831.433 | R197: 42831.503 | S197: 2925217.4 | T197: 2794725.8 | U197: 6.79 | V197: 14.03 | W197: 95.539
A198: TL Cinsi Sabit Faizli Kuponlu Senetler | B198: 2020 | C198: TRT240724T15 | D198: 26.08.2020 | E198: 24.07.2024 | F198: 1428 | G198: 6 ay | H198: 4.5 | I198: 2236000 | J198: 1941518.3 | K198: 899000 | L198: 782188.82 | M198: 2574505.5 | N198: 2240000 | O198: 747066.32 | P198: 650000 | Q198: 0 | R198: 0 | S198: 4220571.8 | T198: 3672188.8 | U198: 6.81 | V198: 14.07 | W198: 87.007
A199: TL Cinsi Sabit Faizli Kuponlu Senetler | B199: 2020 | C199: TRT040522T13 | D199: 16.09.2020 | E199: 04.05.2022 | F199: 595 | G199: 6 ay | H199: 4.5 | I199: 3494000 | J199: 3403167.4 | K199: 758000 | L199: 740616.27 | M199: 25586.703 | N199: 25000 | O199: 614080.87 | P199: 599999.99 | Q199: 56010.152 | R199: 54725.839 | S199: 1453677.7 | T199: 1420342.1 | U199: 6.44 | V199: 13.29 | W199: 97.707
A200: TL Cinsi Sabit Faizli Kuponlu Senetler | B200: 2020 | C200: TRT110226T13 | D200: 23.09.2020 | E200: 11.02.2026 | F200: 1967 | G200: 6 ay | H200: 5.3 | I200: 3337000 | J200: 2993318 | K200: 834000 | L200: 755315 | M200: 1104179 | N200: 1000000 | O200: 828134 | P200: 750000 | Q200: - | R200: - | S200: 2766314 | T200: 2505315 | U200: 6.69 | V200: 13.82 | W200: 90.565
A201: TL Cinsi Sabit Faizli Kuponlu Senetler | B201: 2020 | C201: TRT011025T16 | D201: 07.10.2020 | E201: 01.10.2025 | F201: 1820 | G201: 6 ay | H201: 6.3 | I201: 2718000 | J201: 2709157.3 | K201: 1749000 | L201: 1749731.7 | M201: 499790.09 | N201: 500000 | O201: 1499370.3 | P201: 1500000 | Q201: 0 | R201: 0 | S201: 3748160.3 | T201: 3749731.7 | U201: 6.29 | V201: 12.98 | W201: 100.042
A202: TL Cinsi Sabit Faizli Kuponlu Senetler | B202: 2020 | C202: TRT040522T13 | D202: 21.10.2020 | E202: 04.05.2022 | F202: 560 | G202: 6 ay | H202: 4.5 | I202: 2775000 | J202: 2717414.7 | K202: 1061000 | L202: 1041244.5 | M202: 0 | N202: 0 | O202: 1273716.6 | P202: 1250000 | Q202: 0 | R202: 0 | S202: 2334716.6 | T202: 2291244.5 | U202: 6.73 | V202: 13.9 | W202: 98.138
A203: TL Cinsi Sabit Faizli Kuponlu Senetler | B203: 2020 | C203: TRT091122T10 | D203: 11.11.2020 | E203: 09.11.2022 | F203: 728 | G203: 6 ay | H203: 6.95 | I203: 2055000 | J203: 2038550.6 | K203: 621000 | L203: 617881.3 | M203: 222115.02 | N203: 221000 | O203: 1005045.3 | P203: 1000000 | Q203: 0 | R203: 0 | S203: 1848160.3 | T203: 1838881.3 | U203: 7.1 | V203: 14.7 | W203: 99.498
A204: TL Cinsi Sabit Faizli Kuponlu Senetler | B204: 2020 | C204: TRT011025T16 | D204: 11.11.2020 | E204: 01.10.2025 | F204: 1785 | G204: 6 ay | H204: 6.3 | I204: 2067000 | J204: 2028926.2 | K204: 472000 | L204: 466440.1 | M204: 505960.21 | N204: 500000 | O204: 505960.21 | P204: 500000 | Q204: 132015.54 | R204: 130460.4 | S204: 1615936 | T204: 1596900.5 | U204: 6.63 | V204: 13.71 | W204: 98.822
A205: TL Cinsi Sabit Faizli Kuponlu Senetler | B205: 2020 | C205: TRT131130T14 | D205: 25.11.2020 | E205: 13.11.2030 | F205: 3640 | G205: 6 ay | H205: 5.85 | I205: 3485323 | J205: 3388247.8 | K205: 1519632 | L205: 1496964.6 | M205: 1101433.4 | N205: 1085000 | O205: 1015146 | P205: 1000000 | Q205: 52235.595 | R205: 51456.24 | S205: 3688447 | T205: 3633420.8 | U205: 5.98 | V205: 12.32 | W205: 98.508
A206: TL Cinsi Sabit Faizli Kuponlu Senetler | B206: 2020 | C206: TRT091122T10 | D206: 09.12.2020 | E206: 09.11.2022 | F206: 700 | G206: 6 ay | H206: 6.95 | I206: 1314000 | J206: 1324012.9 | K206: 808000 | L206: 816167.67 | M206: 0 | N206: 0 | O206: 791992.95 | P206: 800000 | Q206: 0 | R206: 0 | S206: 1599992.9 | T206: 1616167.7 | U206: 6.96 | V206: 14.4 | W206: 101.011
A207: TL Cinsi Sabit Faizli Kuponlu Senetler | B207: 2020 | C207: TRT011025T16 | D207: 09.12.2020 | E207: 01.10.2025 | F207: 1757 | G207: 6 ay | H207: 6.3 | I207: 1415000 | J207: 1411960.1 | K207: 940000 | L207: 940123.75 | M207: 499935.01 | N207: 500000 | O207: 699909.01 | P207: 700000 | Q207: 0 | R207: 0 | S207: 2139844 | T207: 2140123.7 | U207: 6.6 | V207: 13.64 | W207: 100.013
...

Sheet TL Cinsi Degisken Faizli Kuponl
A1: Genel Bilgiler | I1: Teklif Edilen Tutar | K1: İhale Kabul Edilen Tutar | M1: Rek. Olmayan Teklif - Kamu | O1: Rek. Olmayan Teklif - Piyasa Yapıcı | Q1: İhale Sonrası Satış | S1: Toplam Satış | U1: Kabul Edilen Faiz (%) | W1: Fiyat
A2: Senet Türü | B2: Yıl | C2: ISIN Kodu | D2: Valör Tarihi | E2: İtfa Tarihi | F2: Vade (Gün) | G2: Kupon Dönemi | H2: Kupon Oranı (%) | I2: Nominal (Bin TL) | J2: Net (Bin TL) | K2: Nominal (Bin TL) | L2: Net (Bin TL) | M2: Nominal (Bin TL) | N2: Net (Bin TL) | O2: Nominal (Bin TL) | P2: Net (Bin TL) | Q2: Nominal (Bin TL) | R2: Net (Bin TL) | S2: Nominal (Bin TL) | T2: Net (Bin TL) | U2: Ort. Dönem (Basit) | V2: Ort. Yıllık Bileşik | W2: İhraç Birim Fiyatı (Ort.)
A3: TL Cinsi Degisken Faizli Kuponlu Senetler | B3: 2026 | C3: TRT020130T19 | D3: 07.01.2026 | E3: 02.01.2030 | F3: 1456 | G3: 6 ay | I3: 71905000 | J3: 67651864 | K3: 8915000 | L3: 8505743 | M3: 5240595.8 | N3: 5000000 | O3: 18866145 | P3: 18000000 | Q3: 3935455 | R3: 3754778.2 | S3: 36957195 | T3: 35260521 | U3: 19.49 | V3: 42.77 | W3: 95.409
A4: TL Cinsi Degisken Faizli Kuponlu Senetler | B4: 2026 | C4: TRT050630T11 | D4: 10.06.2026 | E4: 05.06.2030 | F4: 1456 | G4: 6 ay | I4: 24735000 | J4: 22649057 | K4: 12810000 | L4: 11769679 | M4: 2176776 | N4: 2000000 | O4: 8707103.9 | P4: 8000000 | Q4: 0 | R4: 0 | S4: 23693880 | T4: 21769679 | U4: 20.95 | V4: 46.28 | W4: 91.879
A5: TL Cinsi Degisken Faizli Kuponlu Senetler | B5: 2026 | C5: TRT020130T19 | D5: 19.08.2026 | E5: 02.01.2030 | F5: 1232 | G5: 6 ay | I5: 17253000 | J5: 16813758 | K5: 5003000 | L5: 4911423.5 | M5: 0 | N5: 0 | O5: 8658449.6 | P5: 8500000 | Q5: 0 | R5: 0 | S5: 13661450 | T5: 13411423 | U5: 20.87 | V5: 46.1 | W5: 98.17
A6: TL Cinsi Degisken Faizli Kuponlu Senetler | B6: 2025 | C6: TRT160431T19 | D6: 22.01.2025 | E6: 16.04.2031 | F6: 2275 | G6: 6 ay | I6: 30290000 | J6: 28287997 | K6: 13650000 | L6: 12895280 | M6: 0 | N6: 0 | O6: 7938944.2 | P6: 7500000 | Q6: 5408158.4 | R6: 5109141.3 | S6: 26997103 | T6: 25504422 | U6: 23.06 | V6: 51.43 | W6: 94.471
A7: TL Cinsi Degisken Faizli Kuponlu Senetler | B7: 2025 | C7: TRT100332T15 | D7: 19.03.2025 | E7: 10.03.2032 | F7: 2548 | G7: 6 ay | I7: 36824000 | J7: 30936302 | K7: 15815000 | L7: 13551299 | M7: 0 | N7: 0 | O7: 8752888.4 | P7: 7500000 | Q7: 1377005.6 | R7: 1179901 | S7: 25944894 | T7: 22231200 | U7: 21.64 | V7: 47.96 | W7: 85.686
A8: TL Cinsi Degisken Faizli Kuponlu Senetler | B8: 2025 | C8: TRT100332T15 | D8: 07.05.2025 | E8: 10.03.2032 | F8: 2499 | G8: 6 ay | I8: 11780000 | J8: 9949514.6 | K8: 6400000 | L8: 5518638.5 | M8: 0 | N8: 0 | O8: 4638810.6 | P8: 4000000 | Q8: 580000 | R8: 500128.2 | S8: 11618811 | T8: 10018767 | U8: 22.77 | V8: 50.73 | W8: 86.229
A9: TL Cinsi Degisken Faizli Kuponlu Senetler | B9: 2025 | C9: TRT100332T15 | D9: 11.06.2025 | E9: 10.03.2032 | F9: 2464 | G9: 6 ay | I9: 17350002 | J9: 15503821 | K9: 8900000 | L9: 8032357.8 | M9: 3324062.9 | N9: 3000000 | O9: 6094115.3 | P9: 5500000 | Q9: 4523634.5 | R9: 4082625.4 | S9: 22841813 | T9: 20614983 | U9: 22.61 | V9: 50.34 | W9: 90.251
A10: TL Cinsi Degisken Faizli Kuponlu Senetler | B10: 2025 | C10: TRT100332T15 | D10: 09.07.2025 | E10: 10.03.2032 | F10: 2436 | G10: 6 ay | I10: 32800000 | J10: 30911775 | K10: 7250000 | L10: 6910030 | M10: 3147590.5 | N10: 3000000 | O10: 25180724 | P10: 24000000 | Q10: 500718.7 | R10: 477240 | S10: 36079033 | T10: 34387270 | U10: 22 | V10: 48.85 | W10: 95.311
A11: TL Cinsi Degisken Faizli Kuponlu Senetler | B11: 2025 | C11: TRT110832T19 | D11: 20.08.2025 | E11: 11.08.2032 | F11: 2548 | G11: 6 ay | I11: 77864000 | J11: 66313084 | K11: 8100000 | L11: 7076335 | M11: 0 | N11: 0 | O11: 24037911 | P11: 21000000 | Q11: 3701104.2 | R11: 3233358.7 | S11: 35839015 | T11: 31309694 | U11: 22.14 | V11: 49.18 | W11: 87.362
A12: TL Cinsi Degisken Faizli Kuponlu Senetler | B12: 2024 | C12: TRT050630T11 | D12: 24.01.2024 | E12: 05.06.2030 | F12: 2324 | G12: 6 ay | I12: 21232003 | J12: 19630245 | K12: 6425002.6 | L12: 6061378.5 | M12: 2119991.5 | N12: 2000000 | O12: 8479966.1 | P12: 8000000 | Q12: 0 | R12: 0 | S12: 17024960 | T12: 16061378 | U12: 20.55 | V12: 45.33 | W12: 94.34
A13: TL Cinsi Degisken Faizli Kuponlu Senetler | B13: 2024 | C13: TRT050630T11 | D13: 14.02.2024 | E13: 05.06.2030 | F13: 2303 | G13: 6 ay | I13: 15822006 | J13: 14956327 | K13: 6165001 | L13: 5884013.8 | M13: 1047756.8 | N13: 1000000 | O13: 5238783.8 | P13: 5000000 | Q13: 845469.4 | R13: 806932.9 | S13: 13297011 | T13: 12690947 | U13: 20.79 | V13: 45.9 | W13: 95.442
A14: TL Cinsi Degisken Faizli Kuponlu Senetler | B14: 2024 | C14: TRT050630T11 | D14: 13.03.2024 | E14: 05.06.2030 | F14: 2275 | G14: 6 ay | I14: 13973682 | J14: 13661216 | K14: 4685000 | L14: 4611698.8 | M14: 2031797.6 | N14: 2000000 | O14: 3555645.9 | P14: 3500000 | Q14: 933839.64 | R14: 919225.05 | S14: 11206283 | T14: 11030924 | U14: 20.75 | V14: 45.79 | W14: 98.435
... A24: TL Cinsi Degisken Faizli Kuponlu Senetler | B24: 2023 | C24: TRT031029T10 | D24: 18.01.2023 | E24: 03.10.2029 | F24: 2450 | G24: 6 ay | I24: 2811011 | J24: 2662992.3 | K24: 1689004 | L24: 1611214.8 | M24: 1048284 | N24: 1000000 | O24: 419313.58 | P24: 400000 | Q24: 409995.2 | R24: 391110.82 | S24: 3566596.7 | T24: 3402325.6 | U24: 10.31 | V24: 21.69 | W24: 95.394
A25: TL Cinsi Degisken Faizli Kuponlu Senetler | B25: 2023 | C25: TRT031029T10 | D25: 22.02.2023 | E25: 03.10.2029 | F25: 2415 | G25: 6 ay | I25: 2607006 | J25: 2451306.6 | K25: 1300001 | L25: 1239718.7 | M25: - | N25: - | O25: 524312.36 | P25: 500000 | Q25: 351289.28 | R25: 335000 | S25: 2175602.6 | T25: 2074718.7 | U25: 10.6 | V25: 22.32 | W25: 95.363
A26: TL Cinsi Degisken Faizli Kuponlu Senetler | B26: 2023 | C26: TRT031029T10 | D26: 22.03.2023 | E26: 03.10.2029 | F26: 2387 | G26: 6 ay | I26: 5318007 | J26: 5066995.4 | K26: 2775002 | L26: 2678315 | M26: - | N26: - | O26: 1761366 | P26: 1700000 | Q26: 1489000 | R26: 1437123.2 | S26: 6025368 | T26: 5815438.3 | U26: 10.65 | V26: 22.44 | W26: 96.516
A27: TL Cinsi Degisken Faizli Kuponlu Senetler | B27: 2023 | C27: TRT031029T10 | D27: 19.04.2023 | E27: 03.10.2029 | F27: 2359 | G27: 6 ay | I27: 2165007 | J27: 1826761 | K27: 1030001 | L27: 885623.96 | M27: - | N27: - | O27: 872265.45 | P27: 750000 | Q27: 75327.896 | R27: 64769.185 | S27: 1977594.3 | T27: 1700393.1 | U27: 6.78 | V27: 14.02 | W27: 85.983
A28: TL Cinsi Degisken Faizli Kuponlu Senetler | B28: 2023 | C28: TRT031029T10 | D28: 10.05.2023 | E28: 03.10.2029 | F28: 2338 | G28: 6 ay | I28: 2005755 | J28: 1695013.9 | K28: 1173750 | L28: 1010185.8 | M28: 3485737.5 | N28: 3000000 | O28: 697147.5 | P28: 600000 | Q28: 144560.76 | R28: 124416.22 | S28: 5501195.8 | T28: 4734602 | U28: 6.86 | V28: 14.19 | W28: 86.065
A29: TL Cinsi Degisken Faizli Kuponlu Senetler | B29: 2023 | C29: TRT050630T11 | D29: 14.06.2023 | E29: 05.06.2030 | F29: 2548 | G29: 6 ay | I29: 3885500 | J29: 3367200.1 | K29: 2745500 | L29: 2418258 | M29: 0 | N29: 0 | O29: 3405955.9 | P29: 3000000 | Q29: 340595.59 | R29: 300000 | S29: 6492051.5 | T29: 5718258 | U29: 8.26 | V29: 17.2 | W29: 88.081
A30: TL Cinsi Degisken Faizli Kuponlu Senetler | B30: 2023 | C30: TRT050630T11 | D30: 19.07.2023 | E30: 05.06.2030 | F30: 2513 | G30: 6 ay | I30: 3122001 | J30: 2679989.6 | K30: 2044000 | L30: 1774198.2 | M30: 0 | N30: 0 | O30: 2073732.7 | P30: 1800000 | Q30: 90400.23 | R30: 78467.4 | S30: 4208132.9 | T30: 3652665.6 | U30: 8.62 | V30: 17.99 | W30: 86.8
A31: TL Cinsi Degisken Faizli Kuponlu Senetler | B31: 2023 | C31: TRT050630T11 | D31: 16.08.2023 | E31: 05.06.2030 | F31: 2485 | G31: 6 ay | I31: 2924007 | J31: 2463434.2 | K31: 1770002 | L31: 1509037.7 | M31: 0 | N31: 0 | O31: 1290231.8 | P31: 1100000 | Q31: 570978.27 | R31: 486793.24 | S31: 3631212 | T31: 3095830.9 | U31: 9.01 | V31: 18.82 | W31: 85.256
A32: TL Cinsi Degisken Faizli Kuponlu Senetler | B32: 2023 | C32: TRT050630T11 | D32: 20.09.2023 | E32: 05.06.2030 | F32: 2450 | G32: 6 ay | I32: 3841000 | J32: 3306472.4 | K32: 1775000 | L32: 1551097.8 | M32: 8010436.5 | N32: 7000000 | O32: 2288696.1 | P32: 2000000 | Q32: 10031.355 | R32: 8765.9999 | S32: 12084164 | T32: 10559864 | U32: 8.9 | V32: 18.6 | W32: 87.386
A33: TL Cinsi Degisken Faizli Kuponlu Senetler | B33: 2023 | C33: TRT050630T11 | D33: 25.10.2023 | E33: 05.06.2030 | F33: 2415 | G33: 6 ay | I33: 4468011.1 | J33: 3655436.1 | K33: 1423011.1 | L33: 1220164.1 | M33: 0 | N33: 0 | O33: 1749373.1 | P33: 1500000 | Q33: 159934.02 | R33: 137135.42 | S33: 3332318.3 | T33: 2857299.6 | U33: 9.37 | V33: 19.62 | W33: 85.745
A34: TL Cinsi Degisken Faizli Kuponlu Senetler | B34: 2023 | C34: TRT050630T11 | D34: 15.11.2023 | E34: 05.06.2030 | F34: 2394 | G34: 6 ay | I34: 16592015 | J34: 14185940 | K34: 9310010.8 | L34: 8029972.4 | M34: 3478220.5 | N34: 3000000 | O34: 4637627.4 | P34: 4000000 | Q34: 2498336.8 | R34: 2154840.5 | S34: 19924196 | T34: 17184813 | U34: 9.43 | V34: 19.75 | W34: 86.251
A35: TL Cinsi Degisken Faizli Kuponlu Senetler | B35: 2023 | C35: TRT050630T11 | D35: 13.12.2023 | E35: 05.06.2030 | F35: 2366 | G35: 6 ay | I35: 26142511 | J35: 22919376 | K35: 3800010.8 | L35: 3423108.4 | M35: 2220199.4 | N35: 2000000 | O35: 3330299.1 | P35: 3000000 | Q35: 1817902.6 | R35: 1637603 | S35: 11168412 | T35: 10060711 | U35: 20.62 | V35: 45.49 | W35: 90.082
A36: TL Cinsi Degisken Faizli Kuponlu Senetler | B36: 2022 | C36: TRT130928T12 | D36: 12.01.2022 | E36: 13.09.2028 | F36: 2436 | G36: 6 ay | I36: 5299005.1 | J36: 5029073.1 | K36: 2484000 | L36: 2398270.8 | M36: 207148.7 | N36: 200000 | O36: 1242892.2 | P36: 1200000 | Q36: 795723.05 | R36: 768262.65 | S36: 4729764 | T36: 4566533.4 | U36: 10.26 | V36: 21.57 | W36: 96.549
A37: TL Cinsi Degisken Faizli Kuponlu Senetler | B37: 2022 | C37: TRT130928T12 | D37: 23.02.2022 | E37: 13.09.2028 | F37: 2394 | G37: 6 ay | I37: 6454003.1 | J37: 6299202 | K37: 3700002.1 | L37: 3647411.2 | M37: 1572343 | N37: 1550000 | O37: 1470901.5 | P37: 1450000 | Q37: 740048.83 | R37: 729532.74 | S37: 7483295.4 | T37: 7376943.9 | U37: 10.29 | V37: 21.63 | W37: 98.579
A38: TL Cinsi Degisken Faizli Kuponlu Senetler | B38: 2022 | C38: TRT130928T12 | D38: 23.03.2022 | E38: 13.09.2028 | F38: 2366 | G38: 6 ay | I38: 3475002 | J38: 3124862 | K38: 1530000 | L38: 1398075.2 | M38: 2845355 | N38: 2600000 | O38: 1641550.9 | P38: 1500000 | Q38: 0 | R38: 0 | S38: 6016905.9 | T38: 5498075.2 | U38: 11.9 | V38: 25.21 | W38: 91.377
A39: TL Cinsi Degisken Faizli Kuponlu Senetler | B39: 2022 | C39: TRT130928T12 | D39: 13.04.2022 | E39: 13.09.2028 | F39: 2345 | G39: 6 ay | I39: 4724002 | J39: 4344571.6 | K39: 3249002 | L39: 2998325.7 | M39: 1733759.5 | N39: 1600000 | O39: 1733759.5 | P39: 1600000 | Q39: 492812.47 | R39: 454791.98 | S39: 7209333.6 | T39: 6653117.7 | U39: 11.94 | V39: 25.31 | W39: 92.285
... A55: TL Cinsi Degisken Faizli Kuponlu Senetler | B55: 2021 | C55: TRT130928T12 | D55: 22.09.2021 | E55: 13.09.2028 | F55: 2548 | G55: 6 ay | I55: 1926000 | J55: 1846649 | K55: 955000 | L55: 926355.9 | M55: 2577293 | N55: 2500000 | O55: 1030917.2 | P55: 1000000 | Q55: 256908.28 | R55: 249203.6 | S55: 4820118.5 | T55: 4675559.5 | U55: 9.4 | V55: 19.69 | W55: 97.001
A56: TL Cinsi Degisken Faizli Kuponlu Senetler | B56: 2021 | C56: TRT130928T12 | D56: 20.10.2021 | E56: 13.09.2028 | F56: 2520 | G56: 6 ay | I56: 1252000 | J56: 1181932.9 | K56: 662000 | L56: 638363.65 | M56: 1037021.7 | N56: 1000000 | O56: 622213 | P56: 600000 | Q56: - | R56: - | S56: 2321234.7 | T56: 2238363.6 | U56: 9.67 | V56: 20.27 | W56: 96.43
A57: TL Cinsi Degisken Faizli Kuponlu Senetler | B57: 2021 | C57: TRT130928T12 | D57: 24.11.2021 | E57: 13.09.2028 | F57: 2485 | G57: 6 ay | I57: 1886005 | J57: 1792146.3 | K57: 527005.01 | L57: 510151.31 | M57: 2066073 | N57: 2000000 | O57: 413214.6 | P57: 400000 | Q57: - | R57: - | S57: 3006292.6 | T57: 2910151.3 | U57: 9.86 | V57: 20.69 | W57: 96.802
A58: TL Cinsi Degisken Faizli Kuponlu Senetler | B58: 2021 | C58: TRT130928T12 | D58: 08.12.2021 | E58: 13.09.2028 | F58: 2471 | G58: 6 ay | I58: 1132003 | J58: 1082302.9 | K58: 462001 | L58: 445794.3 | M58: 1139990.9 | N58: 1100000 | O58: 518177.67 | P58: 500000 | Q58: 37500 | R58: 36184.5 | S58: 2157669.5 | T58: 2081978.8 | U58: 10 | V58: 21.01 | W58: 96.492
A59: TL Cinsi Degisken Faizli Kuponlu Senetler | B59: 2020 | C59: TRT041126T11 | D59: 15.01.2020 | E59: 04.11.2026 | F59: 2485 | G59: 6 ay | I59: 3397000 | J59: 3443690.5 | K59: 1780000 | L59: 1819938.9 | M59: 440123.62 | N59: 450000 | O59: 1158992.2 | P59: 1185000 | Q59: 144630 | R59: 147875.5 | S59: 3523745.8 | T59: 3602814.4 | U59: 7.17 | V59: 14.86 | W59: 102.244
A60: TL Cinsi Degisken Faizli Kuponlu Senetler | B60: 2020 | C60: TRT041126T11 | D60: 12.02.2020 | E60: 04.11.2026 | F60: 2457 | G60: 6 ay | I60: 2498000 | J60: 2557553.2 | K60: 891000 | L60: 919521.03 | M60: 0 | N60: 0 | O60: 581389.71 | P60: 599999.99 | Q60: 0 | R60: 0 | S60: 1472389.7 | T60: 1519521 | U60: 7.19 | V60: 14.89 | W60: 103.201
A61: TL Cinsi Degisken Faizli Kuponlu Senetler | B61: 2020 | C61: TRT041126T11 | D61: 11.03.2020 | E61: 04.11.2026 | F61: 2429 | G61: 6 ay | I61: 2630000 | J61: 2730325.1 | K61: 1140000 | L61: 1187163.6 | M61: 720205.11 | N61: 750000 | O61: 864246.14 | P61: 900000 | Q61: 42037.786 | R61: 43776.889 | S61: 2766489 | T61: 2880940.5 | U61: 7.21 | V61: 14.93 | W61: 104.137
A62: TL Cinsi Degisken Faizli Kuponlu Senetler | B62: 2020 | C62: TRT041126T11 | D62: 29.04.2020 | E62: 04.11.2026 | F62: 2380 | G62: 6 ay | I62: 3495000 | J62: 3686332.8 | K62: 2080000 | L62: 2199423.1 | M62: 0 | N62: 0 | O62: 2600694.1 | P62: 2750000 | Q62: 75314.92 | R62: 79638.75 | S62: 4756009.1 | T62: 5029061.9 | U62: 7.25 | V62: 15.03 | W62: 105.741
A63: TL Cinsi Degisken Faizli Kuponlu Senetler | B63: 2020 | C63: TRT050527T17 | D63: 13.05.2020 | E63: 05.05.2027 | F63: 2548 | G63: 6 ay | I63: 5010250 | J63: 4597424.7 | K63: 1385000 | L63: 1363702.1 | M63: 0 | N63: 0 | O63: 2234364.5 | P63: 2200000 | Q63: 64164.916 | R63: 63178.06 | S63: 3683529.4 | T63: 3626880.2 | U63: 4.9 | V63: 10.05 | W63: 98.462
A64: TL Cinsi Degisken Faizli Kuponlu Senetler | B64: 2020 | C64: TRT050527T17 | D64: 10.06.2020 | E64: 05.05.2027 | F64: 2520 | G64: 6 ay | I64: 3573100 | J64: 3494502.9 | K64: 1399100 | L64: 1381641.3 | M64: 1670852.2 | N64: 1650000 | O64: 1367060.9 | P64: 1350000 | Q64: 231179.11 | R64: 228294 | S64: 4668192.3 | T64: 4609935.3 | U64: 4.95 | V64: 10.14 | W64: 98.752
A65: TL Cinsi Degisken Faizli Kuponlu Senetler | B65: 2020 | C65: TRT050527T17 | D65: 08.07.2020 | E65: 05.05.2027 | F65: 2492 | G65: 6 ay | I65: 3566000 | J65: 3526126.5 | K65: 1692000 | L65: 1681071.5 | M65: 1081989.7 | N65: 1075000 | O65: 2013004 | P65: 2000000 | Q65: 15029.742 | R65: 14932.65 | S65: 4802023.4 | T65: 4771004.2 | U65: 4.96 | V65: 10.17 | W65: 99.354
A66: TL Cinsi Degisken Faizli Kuponlu Senetler | B66: 2020 | C66: TRT050527T17 | D66: 26.08.2020 | E66: 05.05.2027 | F66: 2443 | G66: 6 ay | I66: 2508000 | J66: 2502065 | K66: 852000 | L66: 856656.91 | M66: 497279.88 | N66: 500000 | O66: 994559.75 | P66: 999999.99 | Q66: 0 | R66: 0 | S66: 2343839.6 | T66: 2356656.9 | U66: 4.97 | V66: 10.2 | W66: 100.547
A67: TL Cinsi Degisken Faizli Kuponlu Senetler | B67: 2020 | C67: TRT050527T17 | D67: 16.09.2020 | E67: 05.05.2027 | F67: 2422 | G67: 6 ay | I67: 3282000 | J67: 3306710.1 | K67: 849000 | L67: 864814.68 | M67: 490855.36 | N67: 500000 | O67: 736283.04 | P67: 750000 | Q67: 0 | R67: 0 | S67: 2076138.4 | T67: 2114814.7 | U67: 4.9 | V67: 10.03 | W67: 101.863
A68: TL Cinsi Degisken Faizli Kuponlu Senetler | B68: 2020 | C68: TRT050527T17 | D68: 21.10.2020 | E68: 05.05.2027 | F68: 2387 | G68: 6 ay | I68: 2585000 | J68: 2640821 | K68: 948000 | L68: 975661.11 | M68: 485823.66 | N68: 500000 | O68: 971647.33 | P68: 1000000 | Q68: 30007.578 | R68: 30883.199 | S68: 2435478.6 | T68: 2506544.3 | U68: 4.88 | V68: 10.01 | W68: 102.918
A69: TL Cinsi Degisken Faizli Kuponlu Senetler | B69: 2020 | C69: TRT171127T15 | D69: 25.11.2020 | E69: 17.11.2027 | F69: 2548 | G69: 6 ay | I69: 2714000 | J69: 2669258.6 | K69: 1047000 | L69: 1038570.6 | M69: 25202.883 | N69: 25000 | O69: 1008115.3 | P69: 1000000 | Q69: 0 | R69: 0 | S69: 2080318.2 | T69: 2063570.5 | U69: 6.86 | V69: 14.19 | W69: 99.195
... A115: TL Cinsi Degisken Faizli Kuponlu Senetler | B115: 2013 | C115: TRT111120T18 | D115: 04.12.2013 | E115: 11.11.2020 | F115: 2534 | G115: 6 AY | I115: 3189400 | J115: 3107579.3 | K115: 929300 | L115: 911893.33 | M115: 1228000.4 | N115: 1205000 | O115: 357822.01 | P115: 351120 | Q115: 0 | R115: 0 | S115: 2515122.5 | T115: 2468013.3 | U115: 4.29 | V115: 8.77 | W115: 98.127
A116: TL Cinsi Degisken Faizli Kuponlu Senetler | B116: 2012 | C116: TRT240118T19 | D116: nan | E116: nan | I116: 4042410 | J116: 3773576.3 | K116: 642720 | L116: 617780.16 | M116: 0 | N116: 0 | O116: 260091.55 | P116: 250000 | Q116: 20224.338 | R116: 19439.634 | S116: 923035.89 | T116: 887219.79 | U116: 5.07 | V116: 10.407049 | W116: 96.12
A117: TL Cinsi Degisken Faizli Kuponlu Senetler | B117: 2011 | C117: TRT251017T18 | D117: nan | E117: nan | I117: 2314544.4 | J117: 2382669.9 | K117: 1050326.2 | L117: 1091538.2 | M117: 1443362.5 | N117: 1500000 | O117: 2070888.3 | P117: 2152150 | Q117: 190730.86 | R117: 198215.14 | S117: 4755307.8 | T117: 4941903.3 | U117: 3.77 | V117: 7.682129 | W117: 103.924
A118: TL Cinsi Degisken Faizli Kuponlu Senetler | B118: 2011 | C118: TRT240118T19 | D118: nan | E118: nan | I118: 1632300 | J118: 1621497.8 | K118: 1177300 | L118: 1173198.6 | M118: 200698.43 | N118: 200000 | O118: 1214225.5 | P118: 1210000 | Q118: 403.805 | R118: 402.39976 | S118: 2592627.7 | T118: 2583601 | U118: 3.76 | V118: 7.671376 | W118: 99.652
A119: TL Cinsi Degisken Faizli Kuponlu Senetler | B119: 2011 | C119: TRT240118T19 | D119: nan | E119: nan | I119: 566109.99 | J119: 563089.04 | K119: 330009.99 | L119: 330612.44 | M119: 948264.68 | N119: 950000 | O119: 119780.8 | P119: 120000 | Q119: 800 | R119: 801.464 | S119: 1398855.5 | T119: 1401413.9 | U119: 3.93 | V119: 8.024449 | W119: 100.183
A120: TL Cinsi Degisken Faizli Kuponlu Senetler | B120: 2011 | C120: TRT240118T19 | D120: nan | E120: nan | I120: 417500 | J120: 395931.22 | K120: 337500 | L120: 321468.42 | M120: 0 | N120: 0 | O120: 49343.832 | P120: 47000 | Q120: 24000 | R120: 22860 | S120: 410843.83 | T120: 391328.42 | U120: 5.01 | V120: 10.261001 | W120: 95.25
A121: TL Cinsi Degisken Faizli Kuponlu Senetler | B121: 2010 | C121: TRT040117T14 | D121: nan | E121: nan | I121: 3452427.4 | J121: 3468032.3 | K121: 1113850 | L121: 1123405.6 | M121: 396597.2 | N121: 400000 | O121: 1267430.4 | P121: 1278305 | Q121: 42204.882 | R121: 42567 | S121: 2820082.5 | T121: 2844277.6 | U121: 2.04 | V121: 8.4131092 | W121: 100.858
A122: TL Cinsi Degisken Faizli Kuponlu Senetler | B122: 2010 | C122: TRT040117T14 | D122: nan | E122: nan | I122: 2157794 | J122: 2181632.2 | K122: 846511.93 | L122: 863386.42 | M122: 833390.53 | N122: 850000 | O122: 808981.99 | P122: 825105 | Q122: 78087.946 | R122: 79644.239 | S122: 2566972.4 | T122: 2618135.7 | U122: 2.02 | V122: 8.3381376 | W122: 101.993
A123: TL Cinsi Degisken Faizli Kuponlu Senetler | B123: 2010 | C123: TRT040117T14 | D123: nan | E123: nan | I123: 761665.01 | J123: 756282.69 | K123: 458649 | L123: 457049.89 | M123: 301050.67 | N123: 300000 | O123: 761156.44 | P123: 758500 | Q123: 6031.606 | R123: 6010.5557 | S123: 1526887.7 | T123: 1521560.4 | U123: 1.97 | V123: 8.1259272 | W123: 99.651
A124: TL Cinsi Degisken Faizli Kuponlu Senetler | B124: 2010 | C124: TRT190717T11 | D124: nan | E124: nan | I124: 2518020 | J124: 2502611.1 | K124: 507100 | L124: 507255.7 | M124: 757765.09 | N124: 758000 | O124: 340594.42 | P124: 340700 | Q124: 56035.388 | R124: 56052.759 | S124: 1661494.9 | T124: 1662008.5 | U124: 4.13 | V124: 8.420569 | W124: 100.031
A125: TL Cinsi Degisken Faizli Kuponlu Senetler | B125: 2010 | C125: TRT190717T11 | D125: nan | E125: nan | I125: 4480500 | J125: 4493048.9 | K125: 1834000 | L125: 1847193.4 | M125: 297858.4 | N125: 300000 | O125: 1505376.3 | P125: 1516200 | Q125: 340396.95 | R125: 342844.4 | S125: 3977631.7 | T125: 4006237.8 | U125: 4.11 | V125: 8.378921 | W125: 100.719
A126: TL Cinsi Degisken Faizli Kuponlu Senetler | B126: 2010 | C126: TRT190717T11 | D126: nan | E126: nan | I126: 3097525 | J126: 3157721.6 | K126: 450000 | L126: 460967.5 | M126: 244052.44 | N126: 250000 | O126: 574046.49 | P126: 588036 | Q126: 50010.25 | R126: 51229 | S126: 1318109.2 | T126: 1350232.5 | U126: 4.03 | V126: 8.222409 | W126: 102.437
A127: TL Cinsi Degisken Faizli Kuponlu Senetler | B127: 2010 | C127: TRT251017T18 | D127: nan | E127: nan | I127: 2809535 | J127: 2832473.9 | K127: 1035000 | L127: 1048437.5 | M127: 493593.16 | N127: 500000 | O127: 969959.92 | P127: 982550 | Q127: 200322.81 | R127: 202923 | S127: 2698875.9 | T127: 2733910.5 | U127: 3.88 | V127: 7.910544 | W127: 101.298
A128: TL Cinsi Degisken Faizli Kuponlu Senetler | B128: 2010 | C128: TRT251017T18 | D128: nan | E128: nan | I128: 3539409.8 | J128: 3599861.8 | K128: 2300100 | L128: 2363196.1 | M128: 389320.93 | N128: 400000 | O128: 1181044 | P128: 1213440 | Q128: 0 | R128: 0 | S128: 3870464.9 | T128: 3976636.1 | U128: 3.81 | V128: 7.765161 | W128: 102.743
A129: TL Cinsi Degisken Faizli Kuponlu Senetler | B129: 2009 | C129: TRT201113T16 | D129: nan | E129: nan | I129: 727239.4 | K129: 515200 | L129: 547149.5 | M129: 0 | N129: 0 | O129: 1121829.4 | P129: 1191394 | Q129: 0 | R129: 0 | S129: 1747174.3 | T129: 1855518.5 | U129: 4.92 | V129: 21.190608 | W129: 106.201
A130: TL Cinsi Degisken Faizli Kuponlu Senetler | B130: 2009 | C130: TRT201113T16 | D130: nan | E130: nan | I130: 3588487.3 | K130: 3460056.2 | L130: 3715501.2 | M130: 348286.04 | N130: 374000 | O130: 989379.14 | P130: 1062425 | Q130: 0 | R130: 0 | S130: 4921267.2 | T130: 5284593.4 | U130: 4.92 | V130: 21.190608 | W130: 107.383
A131: TL Cinsi Degisken Faizli Kuponlu Senetler | B131: 2009 | C131: TRT020414T16 | D131: nan | E131: nan | I131: 2679368.8 | K131: 2055000 | L131: 2177885 | M131: 1122853.4 | N131: 1190000 | O131: 727495.75 | P131: 771000 | Q131: 0 | R131: 0 | S131: 3999706.5 | T131: 4238885 | U131: 3.64 | V131: 15.394443 | W131: 105.98
A132: TL Cinsi Degisken Faizli Kuponlu Senetler | B132: 2009 | C132: TRT020414T16 | D132: nan | E132: nan | I132: 3303443.3 | K132: 2865800 | L132: 3075508.1 | M132: 1863620.3 | N132: 2000000 | O132: 342271.57 | P132: 367319 | Q132: 0 | R132: 0 | S132: 5091700 | T132: 5464299.5 | U132: 3.63 | V132: 15.33992 | W132: 107.318
A133: TL Cinsi Degisken Faizli Kuponlu Senetler | B133: 2009 | C133: TRT160714T17 | D133: nan | E133: nan | I133: 3857795.3 | K133: 1000003 | L133: 1024548.1 | M133: 224488.8 | N133: 230000 | O133: 806402.81 | P133: 826200 | Q133: 0 | R133: 0 | S133: 2030894.6 | T133: 2080748.1 | U133: 2.84 | V133: 11.843164 | W133: 102.455
A134: TL Cinsi Degisken Faizli Kuponlu Senetler | B134: 2009 | C134: TRT160714T17 | D134: nan | E134: nan | I134: 4251522 | K134: 896000 | L134: 928054 | M134: 1930930.6 | N134: 2000000 | O134: 1086389.8 | P134: 1125250 | Q134: 0 | R134: 0 | S134: 4013525.7 | T134: 4157093.6 | U134: 2.79 | V134: 11.645794 | W134: 103.577
A135: TL Cinsi Degisken Faizli Kuponlu Senetler | B135: 2009 | C135: TRT160714T17 | D135: nan | E135: nan | I135: 6855683.7 | K135: 1505000 | L135: 1606085 | M135: 0 | N135: 0 | O135: 585947.88 | P135: 625306 | Q135: 0 | R135: 0 | S135: 2491352.7 | T135: 2658691 | U135: 2.7 | V135: 11.255326 | W135: 106.717
A136: TL Cinsi Degisken Faizli Kuponlu Senetler | B136: 2009 | C136: TRT280916T19 | D136: nan | E136: nan | I136: 2772635.7 | K136: 2116634.7 | L136: 2128085.2 | M136: 0 | N136: 0 | O136: 1946234.1 | P136: 1956763.2 | Q136: 0 | R136: 0 | S136: 4262142.1 | T136: 4285199.7 | U136: 2.33 | V136: 9.6708232 | W136: 100.541
A137: TL Cinsi Degisken Faizli Kuponlu Senetler | B137: 2009 | C137: TRT280916T19 | D137: nan | E137: nan | I137: 5165259.8 | K137: 735250 | L137: 752412.93 | M137: 0 | N137: 0 | O137: 473049.52 | P137: 484090.5 | Q137: 0 | R137: 0 | S137: 1208299.5 | T137: 1236503.4 | U137: 2.31 | V137: 9.545125 | W137: 102.334
A138: TL Cinsi Degisken Faizli Kuponlu Senetler | B138: 2008 | C138: TRT030413T16 | D138: nan | E138: nan | I138: 3430023.8 | K138: 1708171.6 | L138: 1719432.8 | M138: 610973.68 | N138: 615000 | O138: 1369549.7 | P138: 1378575 | Q138: 0 | R138: 0 | S138: 3825233.9 | T138: 3850446.5 | U138: 8.76 | V138: 18.277376 | W138: 100.659
A139: TL Cinsi Degisken Faizli Kuponlu Senetler | B139: 2008 | C139: TRT030413T16 | D139: nan | E139: nan | I139: 1943527 | K139: 1124200 | L139: 1151537.7 | M139: 0 | N139: 0 | O139: 871309.75 | P139: 892500 | Q139: 0 | R139: 0 | S139: 2001517.8 | T139: 2050191.9 | U139: 8.95 | V139: 18.701025 | W139: 102.432
A140: TL Cinsi Degisken Faizli Kuponlu Senetler | B140: 2008 | C140: TRT260613T17 | D140: nan | E140: nan | I140: 4390168.9 | K140: 2269050 | L140: 2284847.1 | M140: 1987169.3 | N140: 2001000 | O140: 1591634.2 | P140: 1602712 | Q140: 0 | R140: 0 | S140: 6286950 | T140: 6330711.6 | U140: 4.88 | V140: 21.015917 | W140: 100.696
... A194: TL Cinsi Degisken Faizli Kuponlu Senetler | B194: 2002 | C194: TRT110804T13 | D194: nan | E194: nan | I194: 676783.98 | K194: 621767.67 | L194: 652856.06 | M194: 149047.62 | N194: 156500 | O194: 30142.857 | P194: 31650 | Q194: 0 | R194: 0 | S194: 800958.15 | T194: 841006.06 | U194: 12.243 | V194: 58.721977 | W194: 105
A195: TL Cinsi Degisken Faizli Kuponlu Senetler | B195: 2000 | C195: TRT230102T18 | D195: nan | E195: nan | I195: 1678645 | K195: 617665 | L195: 614411.02 | M195: 10294.231 | N195: 10239.999 | O195: 0 | P195: 0 | S195: 627959.23 | T195: 624651.02 | U195: 9.818 | V195: 45.443434 | W195: 99.473181
A196: TL Cinsi Degisken Faizli Kuponlu Senetler | B196: 2000 | C196: TRT230102T18 | D196: nan | E196: nan | I196: 1046530.2 | K196: 698100 | L196: 692490.55 | M196: 25202.605 | N196: 24999.995 | O196: 0 | P196: 0 | S196: 723302.6 | T196: 717490.55 | U196: 10.292 | V196: 47.970809 | W196: 99.196469
A197: TL Cinsi Degisken Faizli Kuponlu Senetler | B197: 2000 | C197: TRT230102T18 | D197: nan | E197: nan | I197: 1102720 | K197: 824870 | L197: 849872.28 | M197: 21352.792 | N197: 21999.997 | O197: 0 | P197: 0 | S197: 846222.79 | T197: 871872.28 | U197: 10.132 | V197: 47.114034 | W197: 103.03106
A198: TL Cinsi Degisken Faizli Kuponlu Senetler | B198: 2000 | C198: TRT230102T18 | D198: nan | E198: nan | I198: 1546100 | K198: 304500 | L198: 306137.02 | M198: 30382.535 | N198: 30546 | O198: 0 | P198: 0 | S198: 334882.54 | T198: 336683.02 | U198: 9.412 | V198: 43.3045 | W198: 100.53761
A199: TL Cinsi Degisken Faizli Kuponlu Senetler | B199: 2000 | C199: TRT150502T14 | D199: nan | E199: nan | I199: 1772787.3 | K199: 767235 | L199: 759533.06 | M199: 538717.94 | N199: 533309 | O199: 250195.18 | P199: 247683.58 | S199: 1556148.1 | T199: 1540525.6 | U199: 9.948 | V199: 46.133348 | W199: 98.996144
A200: TL Cinsi Degisken Faizli Kuponlu Senetler | B200: 2000 | C200: TRT150502T14 | D200: nan | E200: nan | I200: 469900 | K200: 252200 | L200: 248158.03 | M200: 25407.297 | N200: 25000 | O200: 27942.936 | P200: 27495 | S200: 305550.23 | T200: 300653.03 | U200: 10.492 | V200: 49.047034 | W200: 98.397315
A201: TL Cinsi Degisken Faizli Kuponlu Senetler | B201: 2000 | C201: TRT150502T14 | D201: nan | E201: nan | I201: 997000 | K201: 177000 | L201: 183305.17 | M201: 166205.89 | N201: 172166 | O201: 43452.129 | P201: 44999.999 | S201: 386658.01 | T201: 400471.17 | U201: 10.071 | V201: 46.78837 | W201: 103.56224
A202: TL Cinsi Degisken Faizli Kuponlu Senetler | B202: 2000 | C202: TRT150502T14 | D202: nan | E202: nan | I202: 722400 | K202: 81500 | L202: 81683.89 | M202: 137688.82 | N202: 138000 | O202: 24943.627 | P202: 25000 | S202: 244132.45 | T202: 244683.89 | U202: 8.017 | V202: 36.134577 | W202: 100.226
A203: TL Cinsi Degisken Faizli Kuponlu Senetler | B203: 2000 | C203: TRT150502T14 | D203: nan | E203: nan | I203: 246143 | K203: 161143 | L203: 151396.21 | M203: 79508.4 | N203: 81000 | O203: 0 | P203: 0 | S203: 240651.4 | T203: 232396.21 | U203: 11.434 | V203: 54.195209 | W203: 93.951466
A204: TL Cinsi Degisken Faizli Kuponlu Senetler | B204: 1999 | C204: TRT060101T10 | D204: nan | E204: nan | I204: 750415 | K204: 417753 | L204: 400980.22 | S204: 491722.89 | T204: 471980.22 | U204: 23.146 | V204: 129.97532 | W204: 95.985
A205: TL Cinsi Degisken Faizli Kuponlu Senetler | B205: 1999 | C205: TRT210201T10 | D205: nan | E205: nan | I205: 284096 | K205: 78026 | L205: 76459.598 | S205: 79046.487 | T205: 77459.598 | U205: 22.563 | V205: 125.65114 | W205: 97.992
A206: TL Cinsi Degisken Faizli Kuponlu Senetler | B206: 1999 | C206: TRT210301T19 | D206: nan | E206: nan | I206: 310752 | K206: 70420 | L206: 70538.84 | S206: 70420 | T206: 70538.84 | U206: 19.956 | V206: 107.05604 | W206: 100.16876
A207: TL Cinsi Degisken Faizli Kuponlu Senetler | B207: 1999 | C207: TRT060101T10 | D207: nan | E207: nan | I207: 522056.66 | K207: 315179.16 | L207: 339037.49 | S207: 413156.5 | T207: 444431.49 | U207: 19.906 | V207: 106.71104 | W207: 107.56977
A208: TL Cinsi Degisken Faizli Kuponlu Senetler | B208: 1999 | C208: TRT210201T10 | D208: nan | E208: nan | I208: 267445.7 | K208: 201695.7 | L208: 205975.25 | S208: 219321.68 | T208: 223975.21 | U208: 21.3886 | V208: 117.12589 | W208: 102.12178
A209: TL Cinsi Degisken Faizli Kuponlu Senetler | B209: 1999 | C209: TRT210301T19 | D209: nan | E209: nan | I209: 240330 | K209: 169490 | L209: 154252.53 | S209: 169490 | T209: 154252.53 | U209: 22.68 | V209: 126.51401 | W209: 91.009814
A210: TL Cinsi Degisken Faizli Kuponlu Senetler | B210: 1999 | C210: TRT060101T10 | D210: nan | E210: nan | I210: 404161.8 | K210: 202300 | L210: 205739.48 | S210: 279065.97 | T210: 283810.62 | U210: 21.47 | V210: 117.70887 | W210: 101.70019
A211: TL Cinsi Degisken Faizli Kuponlu Senetler | B211: 1999 | C211: TRT240702T11 | D211: nan | E211: nan | I211: 862945.56 | K211: 462930 | L211: 444519.15 | S211: 634763.88 | T211: 609519.15 | U211: 21.72 | V211: 119.5067 | W211: 96.022972
A212: TL Cinsi Degisken Faizli Kuponlu Senetler | B212: 1999 | C212: TRT140802T12 | D212: nan | E212: nan | I212: 876724.3 | K212: 715884.3 | L212: 660233.31 | S212: 715884.3 | T212: 660233.31 | U212: 22.83 | V212: 127.62387 | W212: 92.226258
A213: TL Cinsi Degisken Faizli Kuponlu Senetler | B213: 1999 | C213: TRT210201T10 | D213: nan | E213: nan | I213: 332007 | K213: 136677 | L213: 135341.73 | S213: 166506.38 | T213: 165341.73 | U213: 22.311 | V213: 123.80102 | W213: 99.023
A214: TL Cinsi Degisken Faizli Kuponlu Senetler | B214: 1999 | C214: TRT140802T12 | D214: nan | E214: nan | I214: 1207115 | K214: 858645 | L214: 853065.13 | S214: 858645 | T214: 853065.13 | U214: 22.537 | V214: 125.45973 | W214: 99.350154
A215: TL Cinsi Degisken Faizli Kuponlu Senetler | B215: 1999 | C215: TRT210301T19 | D215: nan | E215: nan | I215: 672068 | K215: 159340 | L215: 164085.2 | S215: 268549 | T215: 278085.2 | U215: 19.124 | V215: 101.37107 | W215: 102.97804
... A220: TL Cinsi Degisken Faizli Kuponlu Senetler | B220: 1999 | C220: TRT240702T11 | D220: nan | E220: nan | I220: 2416843 | K220: 761320 | L220: 794433.21 | S220: 831372.06 | T220: 869049.2 | U220: 20.27 | V220: 109.23255 | W220: 104.34945

Sheet Analiz - Genel Özet
A1: 1. Yıl Bazlı Genel Özet
A2: Metrik | B2: 2023 | C2: 2024 | D2: 2025 | E2: 2026 | F2: 2025→2026 Değişim
A3: İhale Sayısı | B3: =COUNTIF('Tüm İhaleler'!$B$3:$B$1646,B$2) | C3: =COUNTIF('Tüm İhaleler'!$B$3:$B$1646,C$2) | D3: =COUNTIF('Tüm İhaleler'!$B$3:$B$1646,D$2) | E3: =COUNTIF('Tüm İhaleler'!$B$3:$B$1646,E$2) | F3: =IFERROR((E3-D3)/ABS(D3),"")
A4: Toplam Borçlanma Net (Bin TL) | B4: =SUMIF('Tüm İhaleler'!$B$3:$B$1646,B$2,'Tüm İhaleler'!$T$3:$T$1646) | C4: =SUMIF('Tüm İhaleler'!$B$3:$B$1646,C$2,'Tüm İhaleler'!$T$3:$T$1646) | D4: =SUMIF('Tüm İhaleler'!$B$3:$B$1646,D$2,'Tüm İhaleler'!$T$3:$T$1646) | E4: =SUMIF('Tüm İhaleler'!$B$3:$B$1646,E$2,'Tüm İhaleler'!$T$3:$T$1646) | F4: =IFERROR((E4-D4)/ABS(D4),"")
A5: Ortalama Faiz (%) Yıllık Bileşik | B5: =IFERROR(AVERAGEIFS('Tüm İhaleler'!$V$3:$V$1646,'Tüm İhaleler'!$B$3:$B$1646,B$2,'Tüm İhaleler'!$V$3:$V$1646,"<>"),"") | C5: =IFERROR(AVERAGEIFS('Tüm İhaleler'!$V$3:$V$1646,'Tüm İhaleler'!$B$3:$B$1646,C$2,'Tüm İhaleler'!$V$3:$V$1646,"<>"),"") | D5: =IFERROR(AVERAGEIFS('Tüm İhaleler'!$V$3:$V$1646,'Tüm İhaleler'!$B$3:$B$1646,D$2,'Tüm İhaleler'!$V$3:$V$1646,"<>"),"") | E5: =IFERROR(AVERAGEIFS('Tüm İhaleler'!$V$3:$V$1646,'Tüm İhaleler'!$B$3:$B$1646,E$2,'Tüm İhaleler'!$V$3:$V$1646,"<>"),"") | F5: =IFERROR((E5-D5)/ABS(D5),"")
A6: Ortalama Vadesi (gün) | B6: =IFERROR(AVERAGEIFS('Tüm İhaleler'!$F$3:$F$1646,'Tüm İhaleler'!$B$3:$B$1646,B$2,'Tüm İhaleler'!$F$3:$F$1646,"<>"),"") | C6: =IFERROR(AVERAGEIFS('Tüm İhaleler'!$F$3:$F$1646,'Tüm İhaleler'!$B$3:$B$1646,C$2,'Tüm İhaleler'!$F$3:$F$1646,"<>"),"") | D6: =IFERROR(AVERAGEIFS('Tüm İhaleler'!$F$3:$F$1646,'Tüm İhaleler'!$B$3:$B$1646,D$2,'Tüm İhaleler'!$F$3:$F$1646,"<>"),"") | E6: =IFERROR(AVERAGEIFS('Tüm İhaleler'!$F$3:$F$1646,'Tüm İhaleler'!$B$3:$B$1646,E$2,'Tüm İhaleler'!$F$3:$F$1646,"<>"),"") | F6: =IFERROR((E6-D6)/ABS(D6),"")
A7: Ortalama İhraç Fiyatı | B7: =IFERROR(AVERAGEIFS('Tüm İhaleler'!$W$3:$W$1646,'Tüm İhaleler'!$B$3:$B$1646,B$2,'Tüm İhaleler'!$W$3:$W$1646,"<>"),"") | C7: =IFERROR(AVERAGEIFS('Tüm İhaleler'!$W$3:$W$1646,'Tüm İhaleler'!$B$3:$B$1646,C$2,'Tüm İhaleler'!$W$3:$W$1646,"<>"),"") | D7: =IFERROR(AVERAGEIFS('Tüm İhaleler'!$W$3:$W$1646,'Tüm İhaleler'!$B$3:$B$1646,D$2,'Tüm İhaleler'!$W$3:$W$1646,"<>"),"") | E7: =IFERROR(AVERAGEIFS('Tüm İhaleler'!$W$3:$W$1646,'Tüm İhaleler'!$B$3:$B$1646,E$2,'Tüm İhaleler'!$W$3:$W$1646,"<>"),"") | F7: =IFERROR((E7-D7)/ABS(D7),"")
A8: Teklif/Kabul Oranı (Nominal) | B8: =IFERROR(SUMIF('Tüm İhaleler'!$B$3:$B$1646,B$2,'Tüm İhaleler'!$I$3:$I$1646)/SUMIF('Tüm İhaleler'!$B$3:$B$1646,B$2,'Tüm İhaleler'!$K$3:$K$1646),"") | C8: =IFERROR(SUMIF('Tüm İhaleler'!$B$3:$B$1646,C$2,'Tüm İhaleler'!$I$3:$I$1646)/SUMIF('Tüm İhaleler'!$B$3:$B$1646,C$2,'Tüm İhaleler'!$K$3:$K$1646),"") | D8: =IFERROR(SUMIF('Tüm İhaleler'!$B$3:$B$1646,D$2,'Tüm İhaleler'!$I$3:$I$1646)/SUMIF('Tüm İhaleler'!$B$3:$B$1646,D$2,'Tüm İhaleler'!$K$3:$K$1646),"") | E8: =IFERROR(SUMIF('Tüm İhaleler'!$B$3:$B$1646,E$2,'Tüm İhaleler'!$I$3:$I$1646)/SUMIF('Tüm İhaleler'!$B$3:$B$1646,E$2,'Tüm İhaleler'!$K$3:$K$1646),"") | F8: =IFERROR((E8-D8)/ABS(D8),"")
A9: Toplam Teklif Nominal (Bin TL) | B9: =SUMIF('Tüm İhaleler'!$B$3:$B$1646,B$2,'Tüm İhaleler'!$I$3:$I$1646) | C9: =SUMIF('Tüm İhaleler'!$B$3:$B$1646,C$2,'Tüm İhaleler'!$I$3:$I$1646) | D9: =SUMIF('Tüm İhaleler'!$B$3:$B$1646,D$2,'Tüm İhaleler'!$I$3:$I$1646) | E9: =SUMIF('Tüm İhaleler'!$B$3:$B$1646,E$2,'Tüm İhaleler'!$I$3:$I$1646) | F9: =IFERROR((E9-D9)/ABS(D9),"")
A10: Toplam Kabul Nominal (Bin TL) | B10: =SUMIF('Tüm İhaleler'!$B$3:$B$1646,B$2,'Tüm İhaleler'!$K$3:$K$1646) | C10: =SUMIF('Tüm İhaleler'!$B$3:$B$1646,C$2,'Tüm İhaleler'!$K$3:$K$1646) | D10: =SUMIF('Tüm İhaleler'!$B$3:$B$1646,D$2,'Tüm İhaleler'!$K$3:$K$1646) | E10: =SUMIF('Tüm İhaleler'!$B$3:$B$1646,E$2,'Tüm İhaleler'!$K$3:$K$1646) | F10: =IFERROR((E10-D10)/ABS(D10),"")
A11: Ort. İhale Başına Borçlanma Net (Bin TL) | B11: =IFERROR(B4/B3,"") | C11: =IFERROR(C4/C3,"") | D11: =IFERROR(D4/D3,"") | E11: =IFERROR(E4/E3,"") | F11: =IFERROR((E11-D11)/ABS(D11),"")
A14: 2. Kupon Türüne Göre Borçlanma Dağılımı (Toplam Satış Net, Bin TL)
A15: Kupon Türü | B15: 2023 Sayı | C15: 2023 Net | D15: 2023 Pay | E15: 2024 Sayı | F15: 2024 Net | G15: 2024 Pay | H15: 2025 Sayı | I15: 2025 Net | J15: 2025 Pay | K15: 2026 Sayı | L15: 2026 Net | M15: 2026 Pay
A16: İskontolu | B16: =COUNTIFS('Tüm İhaleler'!$B$3:$B$1646,2023,'Tüm İhaleler'!$A$3:$A$1646,"*Kuponsuz*") | C16: =SUMIFS('Tüm İhaleler'!$T$3:$T$1646,'Tüm İhaleler'!$B$3:$B$1646,2023,'Tüm İhaleler'!$A$3:$A$1646,"*Kuponsuz*") | D16: =IFERROR(C16/C22,"") | E16: =COUNTIFS('Tüm İhaleler'!$B$3:$B$1646,2024,'Tüm İhaleler'!$A$3:$A$1646,"*Kuponsuz*") | F16: =SUMIFS('Tüm İhaleler'!$T$3:$T$1646,'Tüm İhaleler'!$B$3:$B$1646,2024,'Tüm İhaleler'!$A$3:$A$1646,"*Kuponsuz*") | G16: =IFERROR(F16/F22,"") | H16: =COUNTIFS('Tüm İhaleler'!$B$3:$B$1646,2025,'Tüm İhaleler'!$A$3:$A$1646,"*Kuponsuz*") | I16: =SUMIFS('Tüm İhaleler'!$T$3:$T$1646,'Tüm İhaleler'!$B$3:$B$1646,2025,'Tüm İhaleler'!$A$3:$A$1646,"*Kuponsuz*") | J16: =IFERROR(I16/I22,"") | K16: =COUNTIFS('Tüm İhaleler'!$B$3:$B$1646,2026,'Tüm İhaleler'!$A$3:$A$1646,"*Kuponsuz*") | L16: =SUMIFS('Tüm İhaleler'!$T$3:$T$1646,'Tüm İhaleler'!$B$3:$B$1646,2026,'Tüm İhaleler'!$A$3:$A$1646,"*Kuponsuz*") | M16: =IFERROR(L16/L22,"")
A17: Sabit Kuponlu | B17: =COUNTIFS('Tüm İhaleler'!$B$3:$B$1646,2023,'Tüm İhaleler'!$A$3:$A$1646,"*Sabit*") | C17: =SUMIFS('Tüm İhaleler'!$T$3:$T$1646,'Tüm İhaleler'!$B$3:$B$1646,2023,'Tüm İhaleler'!$A$3:$A$1646,"*Sabit*") | D17: =IFERROR(C17/C22,"") | E17: =COUNTIFS('Tüm İhaleler'!$B$3:$B$1646,2024,'Tüm İhaleler'!$A$3:$A$1646,"*Sabit*") | F17: =SUMIFS('Tüm İhaleler'!$T$3:$T$1646,'Tüm İhaleler'!$B$3:$B$1646,2024,'Tüm İhaleler'!$A$3:$A$1646,"*Sabit*") | G17: =IFERROR(F17/F22,"") | H17: =COUNTIFS('Tüm İhaleler'!$B$3:$B$1646,2025,'Tüm İhaleler'!$A$3:$A$1646,"*Sabit*") | I17: =SUMIFS('Tüm İhaleler'!$T$3:$T$1646,'Tüm İhaleler'!$B$3:$B$1646,2025,'Tüm İhaleler'!$A$3:$A$1646,"*Sabit*") | J17: =IFERROR(I17/I22,"") | K17: =COUNTIFS('Tüm İhaleler'!$B$3:$B$1646,2026,'Tüm İhaleler'!$A$3:$A$1646,"*Sabit*") | L17: =SUMIFS('Tüm İhaleler'!$T$3:$T$1646,'Tüm İhaleler'!$B$3:$B$1646,2026,'Tüm İhaleler'!$A$3:$A$1646,"*Sabit*") | M17: =IFERROR(L17/L22,"")
A18: TÜFE Endeksli | B18: =COUNTIFS('Tüm İhaleler'!$B$3:$B$1646,2023,'Tüm İhaleler'!$A$3:$A$1646,"*TUFE*") | C18: =SUMIFS('Tüm İhaleler'!$T$3:$T$1646,'Tüm İhaleler'!$B$3:$B$1646,2023,'Tüm İhaleler'!$A$3:$A$1646,"*TUFE*") | D18: =IFERROR(C18/C22,"") | E18: =COUNTIFS('Tüm İhaleler'!$B$3:$B$1646,2024,'Tüm İhaleler'!$A$3:$A$1646,"*TUFE*") | F18: =SUMIFS('Tüm İhaleler'!$T$3:$T$1646,'Tüm İhaleler'!$B$3:$B$1646,2024,'Tüm İhaleler'!$A$3:$A$1646,"*TUFE*") | G18: =IFERROR(F18/F22,"") | H18: =COUNTIFS('Tüm İhaleler'!$B$3:$B$1646,2025,'Tüm İhaleler'!$A$3:$A$1646,"*TUFE*") | I18: =SUMIFS('Tüm İhaleler'!$T$3:$T$1646,'Tüm İhaleler'!$B$3:$B$1646,2025,'Tüm İhaleler'!$A$3:$A$1646,"*TUFE*") | J18: =IFERROR(I18/I22,"") | K18: =COUNTIFS('Tüm İhaleler'!$B$3:$B$1646,2026,'Tüm İhaleler'!$A$3:$A$1646,"*TUFE*") | L18: =SUMIFS('Tüm İhaleler'!$T$3:$T$1646,'Tüm İhaleler'!$B$3:$B$1646,2026,'Tüm İhaleler'!$A$3:$A$1646,"*TUFE*") | M18: =IFERROR(L18/L22,"")
A19: Değişken Faizli (FRN) | B19: =COUNTIFS('Tüm İhaleler'!$B$3:$B$1646,2023,'Tüm İhaleler'!$A$3:$A$1646,"*Degisken*") | C19: =SUMIFS('Tüm İhaleler'!$T$3:$T$1646,'Tüm İhaleler'!$B$3:$B$1646,2023,'Tüm İhaleler'!$A$3:$A$1646,"*Degisken*") | D19: =IFERROR(C19/C22,"") | E19: =COUNTIFS('Tüm İhaleler'!$B$3:$B$1646,2024,'Tüm İhaleler'!$A$3:$A$1646,"*Degisken*") | F19: =SUMIFS('Tüm İhaleler'!$T$3:$T$1646,'Tüm İhaleler'!$B$3:$B$1646,2024,'Tüm İhaleler'!$A$3:$A$1646,"*Degisken*") | G19: =IFERROR(F19/F22,"") | H19: =COUNTIFS('Tüm İhaleler'!$B$3:$B$1646,2025,'Tüm İhaleler'!$A$3:$A$1646,"*Degisken*") | I19: =SUMIFS('Tüm İhaleler'!$T$3:$T$1646,'Tüm İhaleler'!$B$3:$B$1646,2025,'Tüm İhaleler'!$A$3:$A$1646,"*Degisken*") | J19: =IFERROR(I19/I22,"") | K19: =COUNTIFS('Tüm İhaleler'!$B$3:$B$1646,2026,'Tüm İhaleler'!$A$3:$A$1646,"*Degisken*") | L19: =SUMIFS('Tüm İhaleler'!$T$3:$T$1646,'Tüm İhaleler'!$B$3:$B$1646,2026,'Tüm İhaleler'!$A$3:$A$1646,"*Degisken*") | M19: =IFERROR(L19/L22,"")
A20: TLREF Endeksli | B20: =COUNTIFS('Tüm İhaleler'!$B$3:$B$1646,2023,'Tüm İhaleler'!$A$3:$A$1646,"*TLREF*") | C20: =SUMIFS('Tüm İhaleler'!$T$3:$T$1646,'Tüm İhaleler'!$B$3:$B$1646,2023,'Tüm İhaleler'!$A$3:$A$1646,"*TLREF*") | D20: =IFERROR(C20/C22,"") | E20: =COUNTIFS('Tüm İhaleler'!$B$3:$B$1646,2024,'Tüm İhaleler'!$A$3:$A$1646,"*TLREF*") | F20: =SUMIFS('Tüm İhaleler'!$T$3:$T$1646,'Tüm İhaleler'!$B$3:$B$1646,2024,'Tüm İhaleler'!$A$3:$A$1646,"*TLREF*") | G20: =IFERROR(F20/F22,"") | H20: =COUNTIFS('Tüm İhaleler'!$B$3:$B$1646,2025,'Tüm İhaleler'!$A$3:$A$1646,"*TLREF*") | I20: =SUMIFS('Tüm İhaleler'!$T$3:$T$1646,'Tüm İhaleler'!$B$3:$B$1646,2025,'Tüm İhaleler'!$A$3:$A$1646,"*TLREF*") | J20: =IFERROR(I20/I22,"") | K20: =COUNTIFS('Tüm İhaleler'!$B$3:$B$1646,2026,'Tüm İhaleler'!$A$3:$A$1646,"*TLREF*") | L20: =SUMIFS('Tüm İhaleler'!$T$3:$T$1646,'Tüm İhaleler'!$B$3:$B$1646,2026,'Tüm İhaleler'!$A$3:$A$1646,"*TLREF*") | M20: =IFERROR(L20/L22,"")
A21: Kira Sertifikası | B21: =COUNTIFS('Tüm İhaleler'!$B$3:$B$1646,2023,'Tüm İhaleler'!$A$3:$A$1646,"*Kira*") | C21: =SUMIFS('Tüm İhaleler'!$T$3:$T$1646,'Tüm İhaleler'!$B$3:$B$1646,2023,'Tüm İhaleler'!$A$3:$A$1646,"*Kira*") | D21: =IFERROR(C21/C22,"") | E21: =COUNTIFS('Tüm İhaleler'!$B$3:$B$1646,2024,'Tüm İhaleler'!$A$3:$A$1646,"*Kira*") | F21: =SUMIFS('Tüm İhaleler'!$T$3:$T$1646,'Tüm İhaleler'!$B$3:$B$1646,2024,'Tüm İhaleler'!$A$3:$A$1646,"*Kira*") | G21: =IFERROR(F21/F22,"") | H21: =COUNTIFS('Tüm İhaleler'!$B$3:$B$1646,2025,'Tüm İhaleler'!$A$3:$A$1646,"*Kira*") | I21: =SUMIFS('Tüm İhaleler'!$T$3:$T$1646,'Tüm İhaleler'!$B$3:$B$1646,2025,'Tüm İhaleler'!$A$3:$A$1646,"*Kira*") | J21: =IFERROR(I21/I22,"") | K21: =COUNTIFS('Tüm İhaleler'!$B$3:$B$1646,2026,'Tüm İhaleler'!$A$3:$A$1646,"*Kira*") | L21: =SUMIFS('Tüm İhaleler'!$T$3:$T$1646,'Tüm İhaleler'!$B$3:$B$1646,2026,'Tüm İhaleler'!$A$3:$A$1646,"*Kira*") | M21: =IFERROR(L21/L22,"")
A22: TOPLAM | B22: =COUNTIF('Tüm İhaleler'!$B$3:$B$1646,2023) | C22: =SUMIF('Tüm İhaleler'!$B$3:$B$1646,2023,'Tüm İhaleler'!$T$3:$T$1646) | D22: 1 | E22: =COUNTIF('Tüm İhaleler'!$B$3:$B$1646,2024) | F22: =SUMIF('Tüm İhaleler'!$B$3:$B$1646,2024,'Tüm İhaleler'!$T$3:$T$1646) | G22: 1 | H22: =COUNTIF('Tüm İhaleler'!$B$3:$B$1646,2025) | I22: =SUMIF('Tüm İhaleler'!$B$3:$B$1646,2025,'Tüm İhaleler'!$T$3:$T$1646) | J22: 1 | K22: =COUNTIF('Tüm İhaleler'!$B$3:$B$1646,2026) | L22: =SUMIF('Tüm İhaleler'!$B$3:$B$1646,2026,'Tüm İhaleler'!$T$3:$T$1646) | M22: 1
A25: 3. Kupon Türüne Göre Ortalama Faiz (%) Yıllık Bileşik
A26: Kupon Türü | B26: 2023 Ort. Faiz | C26: 2023 Ort. Vade | D26: 2024 Ort. Faiz | E26: 2024 Ort. Vade | F26: 2025 Ort. Faiz | G26: 2025 Ort. Vade | H26: 2026 Ort. Faiz | I26: 2026 Ort. Vade
A27: İskontolu | B27: =IFERROR(AVERAGEIFS('Tüm İhaleler'!$V$3:$V$1646,'Tüm İhaleler'!$B$3:$B$1646,2023,'Tüm İhaleler'!$A$3:$A$1646,"*Kuponsuz*",'Tüm İhaleler'!$V$3:$V$1646,"<>"),"") | C27: =IFERROR(AVERAGEIFS('Tüm İhaleler'!$F$3:$F$1646,'Tüm İhaleler'!$B$3:$B$1646,2023,'Tüm İhaleler'!$A$3:$A$1646,"*Kuponsuz*",'Tüm İhaleler'!$F$3:$F$1646,"<>"),"") | D27: =IFERROR(AVERAGEIFS('Tüm İhaleler'!$V$3:$V$1646,'Tüm İhaleler'!$B$3:$B$1646,2024,'Tüm İhaleler'!$A$3:$A$1646,"*Kuponsuz*",'Tüm İhaleler'!$V$3:$V$1646,"<>"),"") | E27: =IFERROR(AVERAGEIFS('Tüm İhaleler'!$F$3:$F$1646,'Tüm İhaleler'!$B$3:$B$1646,2024,'Tüm İhaleler'!$A$3:$A$1646,"*Kuponsuz*",'Tüm İhaleler'!$F$3:$F$1646,"<>"),"") | F27: =IFERROR(AVERAGEIFS('Tüm İhaleler'!$V$3:$V$1646,'Tüm İhaleler'!$B$3:$B$1646,2025,'Tüm İhaleler'!$A$3:$A$1646,"*Kuponsuz*",'Tüm İhaleler'!$V$3:$V$1646,"<>"),"") | G27: =IFERROR(AVERAGEIFS('Tüm İhaleler'!$F$3:$F$1646,'Tüm İhaleler'!$B$3:$B$1646,2025,'Tüm İhaleler'!$A$3:$A$1646,"*Kuponsuz*",'Tüm İhaleler'!$F$3:$F$1646,"<>"),"") | H27: =IFERROR(AVERAGEIFS('Tüm İhaleler'!$V$3:$V$1646,'Tüm İhaleler'!$B$3:$B$1646,2026,'Tüm İhaleler'!$A$3:$A$1646,"*Kuponsuz*",'Tüm İhaleler'!$V$3:$V$1646,"<>"),"") | I27: =IFERROR(AVERAGEIFS('Tüm İhaleler'!$F$3:$F$1646,'Tüm İhaleler'!$B$3:$B$1646,2026,'Tüm İhaleler'!$A$3:$A$1646,"*Kuponsuz*",'Tüm İhaleler'!$F$3:$F$1646,"<>"),"")
A28: Sabit Kuponlu | B28: =IFERROR(AVERAGEIFS('Tüm İhaleler'!$V$3:$V$1646,'Tüm İhaleler'!$B$3:$B$1646,2023,'Tüm İhaleler'!$A$3:$A$1646,"*Sabit*",'Tüm İhaleler'!$V$3:$V$1646,"<>"),"") | C28: =IFERROR(AVERAGEIFS('Tüm İhaleler'!$F$3:$F$1646,'Tüm İhaleler'!$B$3:$B$1646,2023,'Tüm İhaleler'!$A$3:$A$1646,"*Sabit*",'Tüm İhaleler'!$F$3:$F$1646,"<>"),"") | D28: =IFERROR(AVERAGEIFS('Tüm İhaleler'!$V$3:$V$1646,'Tüm İhaleler'!$B$3:$B$1646,2024,'Tüm İhaleler'!$A$3:$A$1646,"*Sabit*",'Tüm İhaleler'!$V$3:$V$1646,"<>"),"") | E28: =IFERROR(AVERAGEIFS('Tüm İhaleler'!$F$3:$F$1646,'Tüm İhaleler'!$B$3:$B$1646,2024,'Tüm İhaleler'!$A$3:$A$1646,"*Sabit*",'Tüm İhaleler'!$F$3:$F$1646,"<>"),"") | F28: =IFERROR(AVERAGEIFS('Tüm İhaleler'!$V$3:$V$1646,'Tüm İhaleler'!$B$3:$B$1646,2025,'Tüm İhaleler'!$A$3:$A$1646,"*Sabit*",'Tüm İhaleler'!$V$3:$V$1646,"<>"),"") | G28: =IFERROR(AVERAGEIFS('Tüm İhaleler'!$F$3:$F$1646,'Tüm İhaleler'!$B$3:$B$1646,2025,'Tüm İhaleler'!$A$3:$A$1646,"*Sabit*",'Tüm İhaleler'!$F$3:$F$1646,"<>"),"") | H28: =IFERROR(AVERAGEIFS('Tüm İhaleler'!$V$3:$V$1646,'Tüm İhaleler'!$B$3:$B$1646,2026,'Tüm İhaleler'!$A$3:$A$1646,"*Sabit*",'Tüm İhaleler'!$V$3:$V$1646,"<>"),"") | I28: =IFERROR(AVERAGEIFS('Tüm İhaleler'!$F$3:$F$1646,'Tüm İhaleler'!$B$3:$B$1646,2026,'Tüm İhaleler'!$A$3:$A$1646,"*Sabit*",'Tüm İhaleler'!$F$3:$F$1646,"<>"),"")
A29: TÜFE Endeksli | B29: =IFERROR(AVERAGEIFS('Tüm İhaleler'!$V$3:$V$1646,'Tüm İhaleler'!$B$3:$B$1646,2023,'Tüm İhaleler'!$A$3:$A$1646,"*TUFE*",'Tüm İhaleler'!$V$3:$V$1646,"<>"),"") | C29: =IFERROR(AVERAGEIFS('Tüm İhaleler'!$F$3:$F$1646,'Tüm İhaleler'!$B$3:$B$1646,2023,'Tüm İhaleler'!$A$3:$A$1646,"*TUFE*",'Tüm İhaleler'!$F$3:$F$1646,"<>"),"") | D29: =IFERROR(AVERAGEIFS('Tüm İhaleler'!$V$3:$V$1646,'Tüm İhaleler'!$B$3:$B$1646,2024,'Tüm İhaleler'!$A$3:$A$1646,"*TUFE*",'Tüm İhaleler'!$V$3:$V$1646,"<>"),"") | E29: =IFERROR(AVERAGEIFS('Tüm İhaleler'!$F$3:$F$1646,'Tüm İhaleler'!$B$3:$B$1646,2024,'Tüm İhaleler'!$A$3:$A$1646,"*TUFE*",'Tüm İhaleler'!$F$3:$F$1646,"<>"),"") | F29: =IFERROR(AVERAGEIFS('Tüm İhaleler'!$V$3:$V$1646,'Tüm İhaleler'!$B$3:$B$1646,2025,'Tüm İhaleler'!$A$3:$A$1646,"*TUFE*",'Tüm İhaleler'!$V$3:$V$1646,"<>"),"") | G29: =IFERROR(AVERAGEIFS('Tüm İhaleler'!$F$3:$F$1646,'Tüm İhaleler'!$B$3:$B$1646,2025,'Tüm İhaleler'!$A$3:$A$1646,"*TUFE*",'Tüm İhaleler'!$F$3:$F$1646,"<>"),"") | H29: =IFERROR(AVERAGEIFS('Tüm İhaleler'!$V$3:$V$1646,'Tüm İhaleler'!$B$3:$B$1646,2026,'Tüm İhaleler'!$A$3:$A$1646,"*TUFE*",'Tüm İhaleler'!$V$3:$V$1646,"<>"),"") | I29: =IFERROR(AVERAGEIFS('Tüm İhaleler'!$F$3:$F$1646,'Tüm İhaleler'!$B$3:$B$1646,2026,'Tüm İhaleler'!$A$3:$A$1646,"*TUFE*",'Tüm İhaleler'!$F$3:$F$1646,"<>"),"")
A30: Değişken Faizli (FRN) | B30: =IFERROR(AVERAGEIFS('Tüm İhaleler'!$V$3:$V$1646,'Tüm İhaleler'!$B$3:$B$1646,2023,'Tüm İhaleler'!$A$3:$A$1646,"*Degisken*",'Tüm İhaleler'!$V$3:$V$1646,"<>"),"") | C30: =IFERROR(AVERAGEIFS('Tüm İhaleler'!$F$3:$F$1646,'Tüm İhaleler'!$B$3:$B$1646,2023,'Tüm İhaleler'!$A$3:$A$1646,"*Degisken*",'Tüm İhaleler'!$F$3:$F$1646,"<>"),"") | D30: =IFERROR(AVERAGEIFS('Tüm İhaleler'!$V$3:$V$1646,'Tüm İhaleler'!$B$3:$B$1646,2024,'Tüm İhaleler'!$A$3:$A$1646,"*Degisken*",'Tüm İhaleler'!$V$3:$V$1646,"<>"),"") | E30: =IFERROR(AVERAGEIFS('Tüm İhaleler'!$F$3:$F$1646,'Tüm İhaleler'!$B$3:$B$1646,2024,'Tüm İhaleler'!$A$3:$A$1646,"*Degisken*",'Tüm İhaleler'!$F$3:$F$1646,"<>"),"") | F30: =IFERROR(AVERAGEIFS('Tüm İhaleler'!$V$3:$V$1646,'Tüm İhaleler'!$B$3:$B$1646,2025,'Tüm İhaleler'!$A$3:$A$1646,"*Degisken*",'Tüm İhaleler'!$V$3:$V$1646,"<>"),"") | G30: =IFERROR(AVERAGEIFS('Tüm İhaleler'!$F$3:$F$1646,'Tüm İhaleler'!$B$3:$B$1646,2025,'Tüm İhaleler'!$A$3:$A$1646,"*Degisken*",'Tüm İhaleler'!$F$3:$F$1646,"<>"),"") | H30: =IFERROR(AVERAGEIFS('Tüm İhaleler'!$V$3:$V$1646,'Tüm İhaleler'!$B$3:$B$1646,2026,'Tüm İhaleler'!$A$3:$A$1646,"*Degisken*",'Tüm İhaleler'!$V$3:$V$1646,"<>"),"") | I30: =IFERROR(AVERAGEIFS('Tüm İhaleler'!$F$3:$F$1646,'Tüm İhaleler'!$B$3:$B$1646,2026,'Tüm İhaleler'!$A$3:$A$1646,"*Degisken*",'Tüm İhaleler'!$F$3:$F$1646,"<>"),"")
A31: TLREF Endeksli | B31: =IFERROR(AVERAGEIFS('Tüm İhaleler'!$V$3:$V$1646,'Tüm İhaleler'!$B$3:$B$1646,2023,'Tüm İhaleler'!$A$3:$A$1646,"*TLREF*",'Tüm İhaleler'!$V$3:$V$1646,"<>"),"") | C31: =IFERROR(AVERAGEIFS('Tüm İhaleler'!$F$3:$F$1646,'Tüm İhaleler'!$B$3:$B$1646,2023,'Tüm İhaleler'!$A$3:$A$1646,"*TLREF*",'Tüm İhaleler'!$F$3:$F$1646,"<>"),"") | D31: =IFERROR(AVERAGEIFS('Tüm İhaleler'!$V$3:$V$1646,'Tüm İhaleler'!$B$3:$B$1646,2024,'Tüm İhaleler'!$A$3:$A$1646,"*TLREF*",'Tüm İhaleler'!$V$3:$V$1646,"<>"),"") | E31: =IFERROR(AVERAGEIFS('Tüm İhaleler'!$F$3:$F$1646,'Tüm İhaleler'!$B$3:$B$1646,2024,'Tüm İhaleler'!$A$3:$A$1646,"*TLREF*",'Tüm İhaleler'!$F$3:$F$1646,"<>"),"") | F31: =IFERROR(AVERAGEIFS('Tüm İhaleler'!$V$3:$V$1646,'Tüm İhaleler'!$B$3:$B$1646,2025,'Tüm İhaleler'!$A$3:$A$1646,"*TLREF*",'Tüm İhaleler'!$V$3:$V$1646,"<>"),"") | G31: =IFERROR(AVERAGEIFS('Tüm İhaleler'!$F$3:$F$1646,'Tüm İhaleler'!$B$3:$B$1646,2025,'Tüm İhaleler'!$A$3:$A$1646,"*TLREF*",'Tüm İhaleler'!$F$3:$F$1646,"<>"),"") | H31: =IFERROR(AVERAGEIFS('Tüm İhaleler'!$V$3:$V$1646,'Tüm İhaleler'!$B$3:$B$1646,2026,'Tüm İhaleler'!$A$3:$A$1646,"*TLREF*",'Tüm İhaleler'!$V$3:$V$1646,"<>"),"") | I31: =IFERROR(AVERAGEIFS('Tüm İhaleler'!$F$3:$F$1646,'Tüm İhaleler'!$B$3:$B$1646,2026,'Tüm İhaleler'!$A$3:$A$1646,"*TLREF*",'Tüm İhaleler'!$F$3:$F$1646,"<>"),"")

Sheet Analiz - Aylık & Vade
A1: 4. Aylık Borçlanma Dağılımı (Toplam Satış Net, Bin TL)
A2: Ay | B2: 2023 Sayı | C2: 2023 Net | D2: 2023 Faiz | E2: 2024 Sayı | F2: 2024 Net | G2: 2024 Faiz | H2: 2025 Sayı | I2: 2025 Net | J2: 2025 Faiz | K2: 2026 Sayı | L2: 2026 Net | M2: 2026 Faiz
A3: Ocak | B3: =COUNTIFS('Tüm İhaleler'!$B$3:$B$1646,2023,'Tüm İhaleler'!$D$3:$D$1646,"??.01.*") | C3: =SUMIFS('Tüm İhaleler'!$T$3:$T$1646,'Tüm İhaleler'!$B$3:$B$1646,2023,'Tüm İhaleler'!$D$3:$D$1646,"??.01.*") | D3: =IFERROR(AVERAGEIFS('Tüm İhaleler'!$V$3:$V$1646,'Tüm İhaleler'!$B$3:$B$1646,2023,'Tüm İhaleler'!$D$3:$D$1646,"??.01.*",'Tüm İhaleler'!$V$3:$V$1646,"<>"),"") | E3: =COUNTIFS('Tüm İhaleler'!$B$3:$B$1646,2024,'Tüm İhaleler'!$D$3:$D$1646,"??.01.*") | F3: =SUMIFS('Tüm İhaleler'!$T$3:$T$1646,'Tüm İhaleler'!$B$3:$B$1646,2024,'Tüm İhaleler'!$D$3:$D$1646,"??.01.*") | G3: =IFERROR(AVERAGEIFS('Tüm İhaleler'!$V$3:$V$1646,'Tüm İhaleler'!$B$3:$B$1646,2024,'Tüm İhaleler'!$D$3:$D$1646,"??.01.*",'Tüm İhaleler'!$V$3:$V$1646,"<>"),"") | H3: =COUNTIFS('Tüm İhaleler'!$B$3:$B$1646,2025,'Tüm İhaleler'!$D$3:$D$1646,"??.01.*") | I3: =SUMIFS('Tüm İhaleler'!$T$3:$T$1646,'Tüm İhaleler'!$B$3:$B$1646,2025,'Tüm İhaleler'!$D$3:$D$1646,"??.01.*") | J3: =IFERROR(AVERAGEIFS('Tüm İhaleler'!$V$3:$V$1646,'Tüm İhaleler'!$B$3:$B$1646,2025,'Tüm İhaleler'!$D$3:$D$1646,"??.01.*",'Tüm İhaleler'!$V$3:$V$1646,"<>"),"") | K3: =COUNTIFS('Tüm İhaleler'!$B$3:$B$1646,2026,'Tüm İhaleler'!$D$3:$D$1646,"??.01.*") | L3: =SUMIFS('Tüm İhaleler'!$T$3:$T$1646,'Tüm İhaleler'!$B$3:$B$1646,2026,'Tüm İhaleler'!$D$3:$D$1646,"??.01.*") | M3: =IFERROR(AVERAGEIFS('Tüm İhaleler'!$V$3:$V$1646,'Tüm İhaleler'!$B$3:$B$1646,2026,'Tüm İhaleler'!$D$3:$D$1646,"??.01.*",'Tüm İhaleler'!$V$3:$V$1646,"<>"),"")
A4: Şubat | B4: =COUNTIFS('Tüm İhaleler'!$B$3:$B$1646,2023,'Tüm İhaleler'!$D$3:$D$1646,"??.02.*") | C4: =SUMIFS('Tüm İhaleler'!$T$3:$T$1646,'Tüm İhaleler'!$B$3:$B$1646,2023,'Tüm İhaleler'!$D$3:$D$1646,"??.02.*") | D4: =IFERROR(AVERAGEIFS('Tüm İhaleler'!$V$3:$V$1646,'Tüm İhaleler'!$B$3:$B$1646,2023,'Tüm İhaleler'!$D$3:$D$1646,"??.02.*",'Tüm İhaleler'!$V$3:$V$1646,"<>"),"") | E4: =COUNTIFS('Tüm İhaleler'!$B$3:$B$1646,2024,'Tüm İhaleler'!$D$3:$D$1646,"??.02.*") | F4: =SUMIFS('Tüm İhaleler'!$T$3:$T$1646,'Tüm İhaleler'!$B$3:$B$1646,2024,'Tüm İhaleler'!$D$3:$D$1646,"??.02.*") | G4: =IFERROR(AVERAGEIFS('Tüm İhaleler'!$V$3:$V$1646,'Tüm İhaleler'!$B$3:$B$1646,2024,'Tüm İhaleler'!$D$3:$D$1646,"??.02.*",'Tüm İhaleler'!$V$3:$V$1646,"<>"),"") | H4: =COUNTIFS('Tüm İhaleler'!$B$3:$B$1646,2025,'Tüm İhaleler'!$D$3:$D$1646,"??.02.*") | I4: =SUMIFS('Tüm İhaleler'!$T$3:$T$1646,'Tüm İhaleler'!$B$3:$B$1646,2025,'Tüm İhaleler'!$D$3:$D$1646,"??.02.*") | J4: =IFERROR(AVERAGEIFS('Tüm İhaleler'!$V$3:$V$1646,'Tüm İhaleler'!$B$3:$B$1646,2025,'Tüm İhaleler'!$D$3:$D$1646,"??.02.*",'Tüm İhaleler'!$V$3:$V$1646,"<>"),"") | K4: =COUNTIFS('Tüm İhaleler'!$B$3:$B$1646,2026,'Tüm İhaleler'!$D$3:$D$1646,"??.02.*") | L4: =SUMIFS('Tüm İhaleler'!$T$3:$T$1646,'Tüm İhaleler'!$B$3:$B$1646,2026,'Tüm İhaleler'!$D$3:$D$1646,"??.02.*") | M4: =IFERROR(AVERAGEIFS('Tüm İhaleler'!$V$3:$V$1646,'Tüm İhaleler'!$B$3:$B$1646,2026,'Tüm İhaleler'!$D$3:$D$1646,"??.02.*",'Tüm İhaleler'!$V$3:$V$1646,"<>"),"")
A5: Mart | B5: =COUNTIFS('Tüm İhaleler'!$B$3:$B$1646,2023,'Tüm İhaleler'!$D$3:$D$1646,"??.03.*") | C5: =SUMIFS('Tüm İhaleler'!$T$3:$T$1646,'Tüm İhaleler'!$B$3:$B$1646,2023,'Tüm İhaleler'!$D$3:$D$1646,"??.03.*") | D5: =IFERROR(AVERAGEIFS('Tüm İhaleler'!$V$3:$V$1646,'Tüm İhaleler'!$B$3:$B$1646,2023,'Tüm İhaleler'!$D$3:$D$1646,"??.03.*",'Tüm İhaleler'!$V$3:$V$1646,"<>"),"") | E5: =COUNTIFS('Tüm İhaleler'!$B$3:$B$1646,2024,'Tüm İhaleler'!$D$3:$D$1646,"??.03.*") | F5: =SUMIFS('Tüm İhaleler'!$T$3:$T$1646,'Tüm İhaleler'!$B$3:$B$1646,2024,'Tüm İhaleler'!$D$3:$D$1646,"??.03.*") | G5: =IFERROR(AVERAGEIFS('Tüm İhaleler'!$V$3:$V$1646,'Tüm İhaleler'!$B$3:$B$1646,2024,'Tüm İhaleler'!$D$3:$D$1646,"??.03.*",'Tüm İhaleler'!$V$3:$V$1646,"<>"),"") | H5: =COUNTIFS('Tüm İhaleler'!$B$3:$B$1646,2025,'Tüm İhaleler'!$D$3:$D$1646,"??.03.*") | I5: =SUMIFS('Tüm İhaleler'!$T$3:$T$1646,'Tüm İhaleler'!$B$3:$B$1646,2025,'Tüm İhaleler'!$D$3:$D$1646,"??.03.*") | J5: =IFERROR(AVERAGEIFS('Tüm İhaleler'!$V$3:$V$1646,'Tüm İhaleler'!$B$3:$B$1646,2025,'Tüm İhaleler'!$D$3:$D$1646,"??.03.*",'Tüm İhaleler'!$V$3:$V$1646,"<>"),"") | K5: =COUNTIFS('Tüm İhaleler'!$B$3:$B$1646,2026,'Tüm İhaleler'!$D$3:$D$1646,"??.03.*") | L5: =SUMIFS('Tüm İhaleler'!$T$3:$T$1646,'Tüm İhaleler'!$B$3:$B$1646,2026,'Tüm İhaleler'!$D$3:$D$1646,"??.03.*") | M5: =IFERROR(AVERAGEIFS('Tüm İhaleler'!$V$3:$V$1646,'Tüm İhaleler'!$B$3:$B$1646,2026,'Tüm İhaleler'!$D$3:$D$1646,"??.03.*",'Tüm İhaleler'!$V$3:$V$1646,"<>"),"")
A6: Nisan | B6: =COUNTIFS('Tüm İhaleler'!$B$3:$B$1646,2023,'Tüm İhaleler'!$D$3:$D$1646,"??.04.*") | C6: =SUMIFS('Tüm İhaleler'!$T$3:$T$1646,'Tüm İhaleler'!$B$3:$B$1646,2023,'Tüm İhaleler'!$D$3:$D$1646,"??.04.*") | D6: =IFERROR(AVERAGEIFS('Tüm İhaleler'!$V$3:$V$1646,'Tüm İhaleler'!$B$3:$B$1646,2023,'Tüm İhaleler'!$D$3:$D$1646,"??.04.*",'Tüm İhaleler'!$V$3:$V$1646,"<>"),"") | E6: =COUNTIFS('Tüm İhaleler'!$B$3:$B$1646,2024,'Tüm İhaleler'!$D$3:$D$1646,"??.04.*") | F6: =SUMIFS('Tüm İhaleler'!$T$3:$T$1646,'Tüm İhaleler'!$B$3:$B$1646,2024,'Tüm İhaleler'!$D$3:$D$1646,"??.04.*") | G6: =IFERROR(AVERAGEIFS('Tüm İhaleler'!$V$3:$V$1646,'Tüm İhaleler'!$B$3:$B$1646,2024,'Tüm İhaleler'!$D$3:$D$1646,"??.04.*",'Tüm İhaleler'!$V$3:$V$1646,"<>"),"") | H6: =COUNTIFS('Tüm İhaleler'!$B$3:$B$1646,2025,'Tüm İhaleler'!$D$3:$D$1646,"??.04.*") | I6: =SUMIFS('Tüm İhaleler'!$T$3:$T$1646,'Tüm İhaleler'!$B$3:$B$1646,2025,'Tüm İhaleler'!$D$3:$D$1646,"??.04.*") | J6: =IFERROR(AVERAGEIFS('Tüm İhaleler'!$V$3:$V$1646,'Tüm İhaleler'!$B$3:$B$1646,2025,'Tüm İhaleler'!$D$3:$D$1646,"??.04.*",'Tüm İhaleler'!$V$3:$V$1646,"<>"),"") | K6: =COUNTIFS('Tüm İhaleler'!$B$3:$B$1646,2026,'Tüm İhaleler'!$D$3:$D$1646,"??.04.*") | L6: =SUMIFS('Tüm İhaleler'!$T$3:$T$1646,'Tüm İhaleler'!$B$3:$B$1646,2026,'Tüm İhaleler'!$D$3:$D$1646,"??.04.*") | M6: =IFERROR(AVERAGEIFS('Tüm İhaleler'!$V$3:$V$1646,'Tüm İhaleler'!$B$3:$B$1646,2026,'Tüm İhaleler'!$D$3:$D$1646,"??.04.*",'Tüm İhaleler'!$V$3:$V$1646,"<>"),"")
A7: Mayıs | B7: =COUNTIFS('Tüm İhaleler'!$B$3:$B$1646,2023,'Tüm İhaleler'!$D$3:$D$1646,"??.05.*") | C7: =SUMIFS('Tüm İhaleler'!$T$3:$T$1646,'Tüm İhaleler'!$B$3:$B$1646,2023,'Tüm İhaleler'!$D$3:$D$1646,"??.05.*") | D7: =IFERROR(AVERAGEIFS('Tüm İhaleler'!$V$3:$V$1646,'Tüm İhaleler'!$B$3:$B$1646,2023,'Tüm İhaleler'!$D$3:$D$1646,"??.05.*",'Tüm İhaleler'!$V$3:$V$1646,"<>"),"") | E7: =COUNTIFS('Tüm İhaleler'!$B$3:$B$1646,2024,'Tüm İhaleler'!$D$3:$D$1646,"??.05.*") | F7: =SUMIFS('Tüm İhaleler'!$T$3:$T$1646,'Tüm İhaleler'!$B$3:$B$1646,2024,'Tüm İhaleler'!$D$3:$D$1646,"??.05.*") | G7: =IFERROR(AVERAGEIFS('Tüm İhaleler'!$V$3:$V$1646,'Tüm İhaleler'!$B$3:$B$1646,2024,'Tüm İhaleler'!$D$3:$D$1646,"??.05.*",'Tüm İhaleler'!$V$3:$V$1646,"<>"),"") | H7: =COUNTIFS('Tüm İhaleler'!$B$3:$B$1646,2025,'Tüm İhaleler'!$D$3:$D$1646,"??.05.*") | I7: =SUMIFS('Tüm İhaleler'!$T$3:$T$1646,'Tüm İhaleler'!$B$3:$B$1646,2025,'Tüm İhaleler'!$D$3:$D$1646,"??.05.*") | J7: =IFERROR(AVERAGEIFS('Tüm İhaleler'!$V$3:$V$1646,'Tüm İhaleler'!$B$3:$B$1646,2025,'Tüm İhaleler'!$D$3:$D$1646,"??.05.*",'Tüm İhaleler'!$V$3:$V$1646,"<>"),"") | K7: =COUNTIFS('Tüm İhaleler'!$B$3:$B$1646,2026,'Tüm İhaleler'!$D$3:$D$1646,"??.05.*") | L7: =SUMIFS('Tüm İhaleler'!$T$3:$T$1646,'Tüm İhaleler'!$B$3:$B$1646,2026,'Tüm İhaleler'!$D$3:$D$1646,"??.05.*") | M7: =IFERROR(AVERAGEIFS('Tüm İhaleler'!$V$3:$V$1646,'Tüm İhaleler'!$B$3:$B$1646,2026,'Tüm İhaleler'!$D$3:$D$1646,"??.05.*",'Tüm İhaleler'!$V$3:$V$1646,"<>"),"")
A8: Haziran | B8: =COUNTIFS('Tüm İhaleler'!$B$3:$B$1646,2023,'Tüm İhaleler'!$D$3:$D$1646,"??.06.*") | C8: =SUMIFS('Tüm İhaleler'!$T$3:$T$1646,'Tüm İhaleler'!$B$3:$B$1646,2023,'Tüm İhaleler'!$D$3:$D$1646,"??.06.*") | D8: =IFERROR(AVERAGEIFS('Tüm İhaleler'!$V$3:$V$1646,'Tüm İhaleler'!$B$3:$B$1646,2023,'Tüm İhaleler'!$D$3:$D$1646,"??.06.*",'Tüm İhaleler'!$V$3:$V$1646,"<>"),"") | E8: =COUNTIFS('Tüm İhaleler'!$B$3:$B$1646,2024,'Tüm İhaleler'!$D$3:$D$1646,"??.06.*") | F8: =SUMIFS('Tüm İhaleler'!$T$3:$T$1646,'Tüm İhaleler'!$B$3:$B$1646,2024,'Tüm İhaleler'!$D$3:$D$1646,"??.06.*") | G8: =IFERROR(AVERAGEIFS('Tüm İhaleler'!$V$3:$V$1646,'Tüm İhaleler'!$B$3:$B$1646,2024,'Tüm İhaleler'!$D$3:$D$1646,"??.06.*",'Tüm İhaleler'!$V$3:$V$1646,"<>"),"") | H8: =COUNTIFS('Tüm İhaleler'!$B$3:$B$1646,2025,'Tüm İhaleler'!$D$3:$D$1646,"??.06.*") | I8: =SUMIFS('Tüm İhaleler'!$T$3:$T$1646,'Tüm İhaleler'!$B$3:$B$1646,2025,'Tüm İhaleler'!$D$3:$D$1646,"??.06.*") | J8: =IFERROR(AVERAGEIFS('Tüm İhaleler'!$V$3:$V$1646,'Tüm İhaleler'!$B$3:$B$1646,2025,'Tüm İhaleler'!$D$3:$D$1646,"??.06.*",'Tüm İhaleler'!$V$3:$V$1646,"<>"),"") | K8: =COUNTIFS('Tüm İhaleler'!$B$3:$B$1646,2026,'Tüm İhaleler'!$D$3:$D$1646,"??.06.*") | L8: =SUMIFS('Tüm İhaleler'!$T$3:$T$1646,'Tüm İhaleler'!$B$3:$B$1646,2026,'Tüm İhaleler'!$D$3:$D$1646,"??.06.*") | M8: =IFERROR(AVERAGEIFS('Tüm İhaleler'!$V$3:$V$1646,'Tüm İhaleler'!$B$3:$B$1646,2026,'Tüm İhaleler'!$D$3:$D$1646,"??.06.*",'Tüm İhaleler'!$V$3:$V$1646,"<>"),"")
A9: Temmuz | B9: =COUNTIFS('Tüm İhaleler'!$B$3:$B$1646,2023,'Tüm İhaleler'!$D$3:$D$1646,"??.07.*") | C9: =SUMIFS('Tüm İhaleler'!$T$3:$T$1646,'Tüm İhaleler'!$B$3:$B$1646,2023,'Tüm İhaleler'!$D$3:$D$1646,"??.07.*") | D9: =IFERROR(AVERAGEIFS('Tüm İhaleler'!$V$3:$V$1646,'Tüm İhaleler'!$B$3:$B$1646,2023,'Tüm İhaleler'!$D$3:$D$1646,"??.07.*",'Tüm İhaleler'!$V$3:$V$1646,"<>"),"") | E9: =COUNTIFS('Tüm İhaleler'!$B$3:$B$1646,2024,'Tüm İhaleler'!$D$3:$D$1646,"??.07.*") | F9: =SUMIFS('Tüm İhaleler'!$T$3:$T$1646,'Tüm İhaleler'!$B$3:$B$1646,2024,'Tüm İhaleler'!$D$3:$D$1646,"??.07.*") | G9: =IFERROR(AVERAGEIFS('Tüm İhaleler'!$V$3:$V$1646,'Tüm İhaleler'!$B$3:$B$1646,2024,'Tüm İhaleler'!$D$3:$D$1646,"??.07.*",'Tüm İhaleler'!$V$3:$V$1646,"<>"),"") | H9: =COUNTIFS('Tüm İhaleler'!$B$3:$B$1646,2025,'Tüm İhaleler'!$D$3:$D$1646,"??.07.*") | I9: =SUMIFS('Tüm İhaleler'!$T$3:$T$1646,'Tüm İhaleler'!$B$3:$B$1646,2025,'Tüm İhaleler'!$D$3:$D$1646,"??.07.*") | J9: =IFERROR(AVERAGEIFS('Tüm İhaleler'!$V$3:$V$1646,'Tüm İhaleler'!$B$3:$B$1646,2025,'Tüm İhaleler'!$D$3:$D$1646,"??.07.*",'Tüm İhaleler'!$V$3:$V$1646,"<>"),"") | K9: =COUNTIFS('Tüm İhaleler'!$B$3:$B$1646,2026,'Tüm İhaleler'!$D$3:$D$1646,"??.07.*") | L9: =SUMIFS('Tüm İhaleler'!$T$3:$T$1646,'Tüm İhaleler'!$B$3:$B$1646,2026,'Tüm İhaleler'!$D$3:$D$1646,"??.07.*") | M9: =IFERROR(AVERAGEIFS('Tüm İhaleler'!$V$3:$V$1646,'Tüm İhaleler'!$B$3:$B$1646,2026,'Tüm İhaleler'!$D$3:$D$1646,"??.07.*",'Tüm İhaleler'!$V$3:$V$1646,"<>"),"")
A10: Ağustos | B10: =COUNTIFS('Tüm İhaleler'!$B$3:$B$1646,2023,'Tüm İhaleler'!$D$3:$D$1646,"??.08.*") | C10: =SUMIFS('Tüm İhaleler'!$T$3:$T$1646,'Tüm İhaleler'!$B$3:$B$1646,2023,'Tüm İhaleler'!$D$3:$D$1646,"??.08.*") | D10: =IFERROR(AVERAGEIFS('Tüm İhaleler'!$V$3:$V$1646,'Tüm İhaleler'!$B$3:$B$1646,2023,'Tüm İhaleler'!$D$3:$D$1646,"??.08.*",'Tüm İhaleler'!$V$3:$V$1646,"<>"),"") | E10: =COUNTIFS('Tüm İhaleler'!$B$3:$B$1646,2024,'Tüm İhaleler'!$D$3:$D$1646,"??.08.*") | F10: =SUMIFS('Tüm İhaleler'!$T$3:$T$1646,'Tüm İhaleler'!$B$3:$B$1646,2024,'Tüm İhaleler'!$D$3:$D$1646,"??.08.*") | G10: =IFERROR(AVERAGEIFS('Tüm İhaleler'!$V$3:$V$1646,'Tüm İhaleler'!$B$3:$B$1646,2024,'Tüm İhaleler'!$D$3:$D$1646,"??.08.*",'Tüm İhaleler'!$V$3:$V$1646,"<>"),"") | H10: =COUNTIFS('Tüm İhaleler'!$B$3:$B$1646,2025,'Tüm İhaleler'!$D$3:$D$1646,"??.08.*") | I10: =SUMIFS('Tüm İhaleler'!$T$3:$T$1646,'Tüm İhaleler'!$B$3:$B$1646,2025,'Tüm İhaleler'!$D$3:$D$1646,"??.08.*") | J10: =IFERROR(AVERAGEIFS('Tüm İhaleler'!$V$3:$V$1646,'Tüm İhaleler'!$B$3:$B$1646,2025,'Tüm İhaleler'!$D$3:$D$1646,"??.08.*",'Tüm İhaleler'!$V$3:$V$1646,"<>"),"") | K10: =COUNTIFS('Tüm İhaleler'!$B$3:$B$1646,2026,'Tüm İhaleler'!$D$3:$D$1646,"??.08.*") | L10: =SUMIFS('Tüm İhaleler'!$T$3:$T$1646,'Tüm İhaleler'!$B$3:$B$1646,2026,'Tüm İhaleler'!$D$3:$D$1646,"??.08.*") | M10: =IFERROR(AVERAGEIFS('Tüm İhaleler'!$V$3:$V$1646,'Tüm İhaleler'!$B$3:$B$1646,2026,'Tüm İhaleler'!$D$3:$D$1646,"??.08.*",'Tüm İhaleler'!$V$3:$V$1646,"<>"),"")
A11: Eylül | B11: =COUNTIFS('Tüm İhaleler'!$B$3:$B$1646,2023,'Tüm İhaleler'!$D$3:$D$1646,"??.09.*") | C11: =SUMIFS('Tüm İhaleler'!$T$3:$T$1646,'Tüm İhaleler'!$B$3:$B$1646,2023,'Tüm İhaleler'!$D$3:$D$1646,"??.09.*") | D11: =IFERROR(AVERAGEIFS('Tüm İhaleler'!$V$3:$V$1646,'Tüm İhaleler'!$B$3:$B$1646,2023,'Tüm İhaleler'!$D$3:$D$1646,"??.09.*",'Tüm İhaleler'!$V$3:$V$1646,"<>"),"") | E11: =COUNTIFS('Tüm İhaleler'!$B$3:$B$1646,2024,'Tüm İhaleler'!$D$3:$D$1646,"??.09.*") | F11: =SUMIFS('Tüm İhaleler'!$T$3:$T$1646,'Tüm İhaleler'!$B$3:$B$1646,2024,'Tüm İhaleler'!$D$3:$D$1646,"??.09.*") | G11: =IFERROR(AVERAGEIFS('Tüm İhaleler'!$V$3:$V$1646,'Tüm İhaleler'!$B$3:$B$1646,2024,'Tüm İhaleler'!$D$3:$D$1646,"??.09.*",'Tüm İhaleler'!$V$3:$V$1646,"<>"),"") | H11: =COUNTIFS('Tüm İhaleler'!$B$3:$B$1646,2025,'Tüm İhaleler'!$D$3:$D$1646,"??.09.*") | I11: =SUMIFS('Tüm İhaleler'!$T$3:$T$1646,'Tüm İhaleler'!$B$3:$B$1646,2025,'Tüm İhaleler'!$D$3:$D$1646,"??.09.*") | J11: =IFERROR(AVERAGEIFS('Tüm İhaleler'!$V$3:$V$1646,'Tüm İhaleler'!$B$3:$B$1646,2025,'Tüm İhaleler'!$D$3:$D$1646,"??.09.*",'Tüm İhaleler'!$V$3:$V$1646,"<>"),"") | K11: =COUNTIFS('Tüm İhaleler'!$B$3:$B$1646,2026,'Tüm İhaleler'!$D$3:$D$1646,"??.09.*") | L11: =SUMIFS('Tüm İhaleler'!$T$3:$T$1646,'Tüm İhaleler'!$B$3:$B$1646,2026,'Tüm İhaleler'!$D$3:$D$1646,"??.09.*") | M11: =IFERROR(AVERAGEIFS('Tüm İhaleler'!$V$3:$V$1646,'Tüm İhaleler'!$B$3:$B$1646,2026,'Tüm İhaleler'!$D$3:$D$1646,"??.09.*",'Tüm İhaleler'!$V$3:$V$1646,"<>"),"")
A12: Ekim | B12: =COUNTIFS('Tüm İhaleler'!$B$3:$B$1646,2023,'Tüm İhaleler'!$D$3:$D$1646,"??.10.*") | C12: =SUMIFS('Tüm İhaleler'!$T$3:$T$1646,'Tüm İhaleler'!$B$3:$B$1646,2023,'Tüm İhaleler'!$D$3:$D$1646,"??.10.*") | D12: =IFERROR(AVERAGEIFS('Tüm İhaleler'!$V$3:$V$1646,'Tüm İhaleler'!$B$3:$B$1646,2023,'Tüm İhaleler'!$D$3:$D$1646,"??.10.*",'Tüm İhaleler'!$V$3:$V$1646,"<>"),"") | E12: =COUNTIFS('Tüm İhaleler'!$B$3:$B$1646,2024,'Tüm İhaleler'!$D$3:$D$1646,"??.10.*") | F12: =SUMIFS('Tüm İhaleler'!$T$3:$T$1646,'Tüm İhaleler'!$B$3:$B$1646,2024,'Tüm İhaleler'!$D$3:$D$1646,"??.10.*") | G12: =IFERROR(AVERAGEIFS('Tüm İhaleler'!$V$3:$V$1646,'Tüm İhaleler'!$B$3:$B$1646,2024,'Tüm İhaleler'!$D$3:$D$1646,"??.10.*",'Tüm İhaleler'!$V$3:$V$1646,"<>"),"") | H12: =COUNTIFS('Tüm İhaleler'!$B$3:$B$1646,2025,'Tüm İhaleler'!$D$3:$D$1646,"??.10.*") | I12: =SUMIFS('Tüm İhaleler'!$T$3:$T$1646,'Tüm İhaleler'!$B$3:$B$1646,2025,'Tüm İhaleler'!$D$3:$D$1646,"??.10.*") | J12: =IFERROR(AVERAGEIFS('Tüm İhaleler'!$V$3:$V$1646,'Tüm İhaleler'!$B$3:$B$1646,2025,'Tüm İhaleler'!$D$3:$D$1646,"??.10.*",'Tüm İhaleler'!$V$3:$V$1646,"<>"),"") | K12: =COUNTIFS('Tüm İhaleler'!$B$3:$B$1646,2026,'Tüm İhaleler'!$D$3:$D$1646,"??.10.*") | L12: =SUMIFS('Tüm İhaleler'!$T$3:$T$1646,'Tüm İhaleler'!$B$3:$B$1646,2026,'Tüm İhaleler'!$D$3:$D$1646,"??.10.*") | M12: =IFERROR(AVERAGEIFS('Tüm İhaleler'!$V$3:$V$1646,'Tüm İhaleler'!$B$3:$B$1646,2026,'Tüm İhaleler'!$D$3:$D$1646,"??.10.*",'Tüm İhaleler'!$V$3:$V$1646,"<>"),"")
A13: Kasım | B13: =COUNTIFS('Tüm İhaleler'!$B$3:$B$1646,2023,'Tüm İhaleler'!$D$3:$D$1646,"??.11.*") | C13: =SUMIFS('Tüm İhaleler'!$T$3:$T$1646,'Tüm İhaleler'!$B$3:$B$1646,2023,'Tüm İhaleler'!$D$3:$D$1646,"??.11.*") | D13: =IFERROR(AVERAGEIFS('Tüm İhaleler'!$V$3:$V$1646,'Tüm İhaleler'!$B$3:$B$1646,2023,'Tüm İhaleler'!$D$3:$D$1646,"??.11.*",'Tüm İhaleler'!$V$3:$V$1646,"<>"),"") | E13: =COUNTIFS('Tüm İhaleler'!$B$3:$B$1646,2024,'Tüm İhaleler'!$D$3:$D$1646,"??.11.*") | F13: =SUMIFS('Tüm İhaleler'!$T$3:$T$1646,'Tüm İhaleler'!$B$3:$B$1646,2024,'Tüm İhaleler'!$D$3:$D$1646,"??.11.*") | G13: =IFERROR(AVERAGEIFS('Tüm İhaleler'!$V$3:$V$1646,'Tüm İhaleler'!$B$3:$B$1646,2024,'Tüm İhaleler'!$D$3:$D$1646,"??.11.*",'Tüm İhaleler'!$V$3:$V$1646,"<>"),"") | H13: =COUNTIFS('Tüm İhaleler'!$B$3:$B$1646,2025,'Tüm İhaleler'!$D$3:$D$1646,"??.11.*") | I13: =SUMIFS('Tüm İhaleler'!$T$3:$T$1646,'Tüm İhaleler'!$B$3:$B$1646,2025,'Tüm İhaleler'!$D$3:$D$1646,"??.11.*") | J13: =IFERROR(AVERAGEIFS('Tüm İhaleler'!$V$3:$V$1646,'Tüm İhaleler'!$B$3:$B$1646,2025,'Tüm İhaleler'!$D$3:$D$1646,"??.11.*",'Tüm İhaleler'!$V$3:$V$1646,"<>"),"") | K13: =COUNTIFS('Tüm İhaleler'!$B$3:$B$1646,2026,'Tüm İhaleler'!$D$3:$D$1646,"??.11.*") | L13: =SUMIFS('Tüm İhaleler'!$T$3:$T$1646,'Tüm İhaleler'!$B$3:$B$1646,2026,'Tüm İhaleler'!$D$3:$D$1646,"??.11.*") | M13: =IFERROR(AVERAGEIFS('Tüm İhaleler'!$V$3:$V$1646,'Tüm İhaleler'!$B$3:$B$1646,2026,'Tüm İhaleler'!$D$3:$D$1646,"??.11.*",'Tüm İhaleler'!$V$3:$V$1646,"<>"),"")
